employee_id,hire_date,exit_date,exit_reason
175,,,Voluntary
1958,,,Voluntary 
2250,,,Voluntary
1537,,,Involuntary
2866,,,Voluntary
15,,,Voluntary
2162,,,RET
2016,,,Voluntary
1715,,,End of contract
2281,,,Voluntary
1713,,,Voluntary
2675,,,Voluntary
453,,,Voluntary
2710,,,End of contract
3424,,,End of contract
1001,,,Retirement
3203,,,Involuntary
2317,,,End of contract
1394,,,Voluntary
1949,,,Involuntary
1115,,,Voluntary
1521,,,End of contract
1387,,,Retirement
66,,,Involuntary
2230,,,End of contract
1534,,,End of contract
82,,,Voluntary
678,,,Voluntary
2597,,,Involuntary
593,,,Involuntary
982,,,Voluntary
1150,,,Voluntary
1342,,,Voluntary
2523,,,End of contract
2405,,,Involuntary
371,,,Involuntary
2613,,,Voluntary
1397,,,Voluntary
2265,,,Voluntary
2982,,,Voluntary
2857,,,Voluntary
1695,,,Voluntary
2608,,,Voluntary
1509,,,Voluntary
3207,,,Involuntary
1904,,,Voluntary
2487,,,Voluntary
1735,,,Retirement
3150,,,Voluntary
2903,,,End of contract
2717,,,Voluntary
2962,,,Voluntary
1970,,,Voluntary
2503,,,Retirement
1559,,,End of contract
755,,,Voluntary
2896,,,End of contract
200,,,Voluntary
1892,,,Voluntary
2736,,,Voluntary
1922,,,Voluntary
482,,,Voluntary
3026,,,Voluntary
1672,,,Voluntary
2676,,,Voluntary
2822,,,Voluntary
2881,,,Voluntary
2352,,,Voluntary
549,,,Voluntary
178,,,Voluntary
1344,,,Voluntary
2486,,,Voluntary
2425,,,Voluntary
390,,,Voluntary
2100,,,Voluntary
2203,,,Voluntary
2070,,,Voluntary
2759,,,Voluntary
1108,,,End of contract
1535,,,Voluntary
449,,,Voluntary
990,,,End of contract
2651,,,Voluntary
1933,,,Voluntary
950,,,Voluntary
354,,,Retirement
3295,,,Voluntary
1944,,,Voluntary
2737,,,Voluntary
2830,,,Voluntary
861,,,Voluntary
1241,,,Retirement
1488,,,Voluntary
3175,,,Involuntary
2944,,,End of contract
3056,,,Voluntary
1463,,,Voluntary
2844,,,Voluntary
2647,,,Involuntary
190,,,Voluntary
2698,,,Voluntary
456,,,Voluntary
3322,,,Voluntary
3300,,,Voluntary
13,,,Voluntary
2132,,,End of contract
2328,,,Retirement
2748,,,End of contract
691,,,Voluntary
2877,,,Voluntary
601,,,Voluntary
1654,,,Voluntary
1304,,,End of contract
565,,,Involuntary
2661,,,Voluntary
3125,,,Involuntary
1264,,,Voluntary
3253,,,Involuntary
975,,,Voluntary
2682,,,End of contract
342,,2025-12-31,Retirement
1677,,,Voluntary
1725,,,Voluntary
29,,,Voluntary
2292,,,End of contract
2863,,,Voluntary
1028,,,Retirement
2212,,,End of contract
858,,,Voluntary
2607,,,Voluntary
1206,,,Involuntary
1748,,,Voluntary
2807,,,Voluntary
2033,,,Voluntary
2580,,,Voluntary
2793,,,Voluntary
1741,,,Voluntary
2587,,,Voluntary
717,,,Voluntary
3384,,,Involuntary
557,,,Voluntary
542,,,Voluntary
1523,,,Retirement
3302,,,End of contract
983,,,Voluntary
252,,,End of contract
1561,,,Voluntary
2743,,,Involuntary
2308,,,Voluntary
2629,,,Voluntary
2885,,,End of contract
1025,,,Voluntary
3209,,,Invol
343,,,End of contract
729,,,Voluntary
1498,,,Voluntary
22,,,Voluntary
921,,,Involuntary
665,,,Involuntary
1637,,,Voluntary
2082,,,Voluntary
163,,,Voluntary
318,,,Voluntary
1092,,,Voluntary
1579,,,Voluntary
1817,,,Involuntary
1938,,,End of contract
751,,,Voluntary
1023,,,Voluntary
56,,,Involuntary
2550,,,Voluntary
624,,,Voluntary
271,,,Voluntary
2691,,,Voluntary
856,,,Voluntary
165,,,End of contract
435,,,Voluntary
2883,,,Voluntary
3189,,,Voluntary
2182,,,Involuntary
675,,,Involuntary
2868,,,Voluntary
2240,,,Voluntary
244,,,Voluntary
1702,,,Voluntary
2098,,,Voluntary
1538,,,Voluntary
2141,,,Voluntary
1602,,,Involuntary
941,,,Retirement
168,,,Voluntary
414,,,Involuntary
2978,,,Retirement
247,,,Voluntary
2023,,,Voluntary
1693,,,Involuntary
2804,,,Voluntary
2445,,,End of contract
779,,,Voluntary
1640,,,End of contract
184,,,Voluntary
727,,,End of contract
1603,,,Voluntary
934,,,Voluntary
1823,,,Voluntary
3116,,,Voluntary
2575,,,Voluntary
2745,,,Voluntary
1809,,,Involuntary
696,,,Voluntary
873,,,Voluntary
217,,,Voluntary
2722,,,End of contract
1601,,2025-12-31,Involuntary
2855,,,Voluntary
763,,,End of contract
2941,,,End of contract
1950,,,Voluntary
2404,,,Voluntary
899,,,Voluntary
2735,,,Involuntary
3420,,,End of contract
280,,,Voluntary
2599,,,Voluntary
448,,,Voluntary
1898,,,Voluntary
1165,,2025-12-31,End of contract
2563,,,End of contract
2985,,,Retirement
2695,,,Voluntary
1734,,,Involuntary
1808,,,End of contract
2038,,,Involuntary
332,,,Retirement
882,,,Voluntary
1257,,,Voluntary
2684,,,Voluntary
671,,,End of contract
2334,,,Voluntary
692,,,End of contract
1111,,,Voluntary
2824,,,Involuntary
241,,,Involuntary
279,,,Voluntary
2,,,Voluntary
519,,,Involuntary
2311,,,Retirement
1008,,,Voluntary
1591,,,Voluntary
284,,,End of contract
871,,,Voluntary
830,,,Voluntary
1930,,,End of contract
3006,,,Involuntary
1120,,,Voluntary
2653,,,Retirement
1384,,,Involuntary
1845,,,Voluntary
270,,,Voluntary
2637,,,End of contract
973,,,Involuntary
1376,,,Voluntary
2578,,,Voluntary
2247,,,Voluntary
2619,,,Involuntary
3108,,,Voluntary
1047,,,End of contract
2437,,,Voluntary
1329,,,Voluntary
1806,,,Voluntary
47,,,End of contract
2633,,,Voluntary
70,,,Voluntary
611,,,Voluntary
2751,,,Voluntary
1085,,,End of contract
802,,,Voluntary
1396,,,Voluntary
1671,,,End of contract
1644,,,Voluntary
2330,,,Voluntary
612,,,Voluntary
1465,,,End of contract
1427,,,End of contract
3398,,,Voluntary
2113,,,Voluntary
853,,,Voluntary
738,,,Voluntary
40,,,Voluntary
2508,,,Voluntary
1945,,,Voluntary
3346,,,Voluntary
960,,,Voluntary
651,,,Retirement
1966,,,Voluntary
2237,,,End of contract
2087,,,Voluntary
1325,,,Voluntary
3034,,,Voluntary
277,,,Retirement
2829,,,End of contract
1296,,,Voluntary
863,,,Voluntary
1326,,,Voluntary
2709,,,Voluntary
2921,,,Voluntary
2562,,,End of contract
3287,,,Involuntary
2552,,,End of contract
421,,,Voluntary
1684,,,Voluntary
2045,,,Voluntary
833,,,Involuntary
3133,,,Voluntary
504,,,Voluntary
1860,,,Voluntary
2026,,,Voluntary
1372,,2025-12-31,Voluntary
2817,,,Voluntary
2080,,,End of contract
44,,,Involuntary
1747,,,End of contract
401,,,End of contract
2669,,,Voluntary
3257,,,Voluntary
3233,,,Voluntary
842,,,Voluntary
259,,,End of contract
1877,,,end_contract
1992,,,Voluntary
405,,,Voluntary
1728,,,Voluntary
931,,,Voluntary
2919,,,Voluntary
642,,,End of contract
3328,,,Voluntary
1229,,,End of contract
2003,,,Voluntary
1981,,,Voluntary
545,,,Voluntary
2142,,,Voluntary
433,,,Voluntary
432,,,Voluntary
3341,,,Voluntary
201,,,Voluntary
792,,,Voluntary
2765,,,Voluntary
260,,,Involuntary
377,,,Involuntary
3312,,,Voluntary
1868,,,End of contract
471,,,Voluntary
3101,,,End of contract
2544,,,Voluntary
1550,,,Involuntary
1612,,2025-12-31,Voluntary
1732,,,Involuntary
1101,,,Involuntary
2443,,,Voluntary
3273,,,Voluntary
720,,,Involuntary
1701,,,voluntary
2423,,,Involuntary
769,,,Voluntary
28,,,Voluntary
2564,,,Involuntary
1006,,,Voluntary
1481,,,Voluntary
1254,,,Voluntary
1335,,,End of contract
1610,,,Voluntary
2910,,,Voluntary
136,,,Voluntary
1940,,,Voluntary
3042,,2025-12-31,Voluntary
676,,,NA
3060,,,Voluntary
949,,,End of contract
1189,,,Involuntary
1831,,,End of contract
1777,,,End of contract
1824,,,Voluntary
2976,,,Involuntary
553,,,Voluntary
1910,,,Involuntary
2667,,,Retirement
78,,,Voluntary
3005,,,Involuntary
485,,,Voluntary
1292,,,End of contract
758,,,Voluntary
2797,,,Voluntary
1303,,,End of contract
2541,,,Voluntary
1114,,,Voluntary
2971,,,Voluntary
577,,,Voluntary
2178,,,Voluntary
2819,,,Voluntary
1236,,,Voluntary
2340,,,Voluntary
737,,,End of contract
2027,,,Involuntary
428,,,Voluntary
3310,,,Voluntary
2320,,,End of contract
3194,,,Voluntary
358,,,End of contract
3076,,,End of contract
1246,,,Retirement
2447,,,Voluntary
