review_id,employee_id,review_date,rating
1,3202,,2
2,859,,1
3,1138,,5
4,890,,1
5,1342,,4
6,3407,,2
7,288,,4
8,1570,,2
9,2103,,4
10,410,,5
11,153,,3
12,3365,,3
13,922,,4
14,832,,2
15,1195,,3
16,249,,4
17,504,,1
18,83,,3
19,1832,,3
20,1587,,2
21,939,,3
22,3146,,2
23,1046,,3
24,59,,2
25,342,,5
26,2484,,4
27,1827,,4
28,892,,5
29,848,,1
30,751,,2
31,1445,,1
32,2411,,4
33,2186,,2
34,2562,,4
35,142,,5
36,1915,,2
37,2619,,2
38,693,,3
39,1997,,3
40,22,,2
41,3117,,2
42,2526,,2
43,2134,,3
44,2054,,3
45,2295,,3
46,1448,,2
47,3312,,4
48,732,,3
49,2777,,2
50,2610,,4
51,2869,,5
52,243,,2
53,1525,,3
54,2202,,5
55,2120,,2
56,2358,,2
57,2173,,2
58,765,,3
59,2836,,3
60,1656,,4
61,3325,,2
62,1782,,3
63,1841,,0
64,2026,,5
65,2984,,2
66,3087,,2
67,2003,,1
68,1872,,2
69,187,,5
70,231,,3
71,2523,,4
72,1182,,3
73,1496,,2
74,2153,,4
75,760,,2
76,1142,,4
77,148,,5
78,2631,,1
79,1742,,1
80,651,,4
81,2042,,1
82,490,,4
83,2674,,2
84,792,,3
85,926,,4
86,3001,,2
87,2545,,5
88,2333,,5
89,2062,,2
90,1782,,4
91,658,,4
92,1029,,2
93,3298,,5
94,3147,,2
95,2488,,2
96,3045,,4
97,2755,,1
98,1368,,5
99,2451,,2
100,2579,,3
101,474,,4
102,3129,,5
103,1689,,4
104,1074,,2
105,1624,,4
106,1126,,2
107,1139,,3
108,1870,,4
109,3417,,3
110,1399,,1
111,736,,1
112,2609,,1
113,1011,,1
114,1839,,4
115,869,,1
116,726,,2
117,864,,2
118,1221,,1
119,3273,,5
120,2299,,1
121,2383,,1
122,184,,2
123,38,,1
124,1172,,2
125,3041,,1
126,56,,2
127,2624,,1
128,2812,,5
129,952,,4
130,402,,4
131,526,,3
132,265,fecha_mala,4
133,2890,,5
134,2695,,1
135,2305,,3
136,307,,1
137,3255,,3
138,2344,,5
139,2836,,4
140,1302,,4
141,678,,1
142,2815,,5
143,177,,4
144,627,,2
145,527,,2
146,290,,3
147,1888,,4
148,783,,3
149,3309,,5
150,3193,,2
151,577,,4
152,2840,,5
153,134,,4
154,979,,2
155,2261,,3
156,706,,3
157,268,,2
158,538,,1
159,2256,,1
160,758,,4
161,843,,2
162,703,,4
163,3021,,4
164,3043,,3
165,2757,,2
166,69,,5
167,859,,1
168,3015,,2
169,1898,,4
170,142,,5
171,854,,3
172,2832,,4
173,3011,,2
174,1459,,5
175,520,,3
176,265,,4
177,772,,1
178,2737,,3
179,2832,,4
180,879,,3
181,3348,,5
182,3008,,5
183,3383,,1
184,2577,,5
185,1963,,2
186,3363,,3
187,2359,,3
188,2850,,4
189,1380,,3
190,826,,3
191,1965,,3
192,1402,,2
193,1203,,3
194,2386,,1
195,2092,,1
196,1083,,4
197,828,,2
198,1872,,4
199,1121,,4
200,814,,4
201,761,,3
202,2271,,3
203,1423,,4
204,1172,,2
205,395,,3
206,189,,2
207,2381,,2
208,3315,,1
209,1113,,1
210,2891,,1
211,2061,,4
212,1041,,4
213,1942,,1
214,444,,4
215,1157,,4
216,2519,,5
217,2916,,5
218,756,,1
219,3120,,3
220,2074,,5
221,786,,2
222,2669,,3
223,3018,,1
224,934,,2
225,363,,5
226,975,,4
227,2592,,2
228,212,,5
229,991,,2
230,1096,,2
231,58,,3
232,2047,,4
233,2761,,2
234,534,,2
235,3037,,4
236,3265,,2
237,2983,,1
238,2475,,1
239,1535,,2
240,699,,1
241,3127,,1
242,1818,,4
243,1549,,3
244,1341,,1
245,748,,2
246,1310,,4
247,2734,,5
248,1918,,5
249,1355,,2
250,371,,5
251,1422,,3
252,738,,2
253,1363,,3
254,513,,1
255,3247,,3
256,596,,3
257,426,,3
258,2245,,1
259,1178,,1
260,3412,,2
261,1385,,5
262,2231,,3
263,2857,,3
264,3373,,4
265,2773,,3
266,1977,,2
267,2790,,5
268,971,,2
269,2981,,4
270,2988,,5
271,1315,,4
272,231,,5
273,2345,,1
274,351,,4
275,60,,1
276,3246,,3
277,1945,,1
278,2227,,4
279,3016,,2
280,3182,,1
281,3277,,5
282,456,,5
283,1110,,1
284,2632,,2
285,99,,1
286,805,,4
287,1764,,5
288,1176,,2
289,592,,3
290,3080,,4
291,1535,,3
292,1409,,4
293,2252,,4
294,2297,,4
295,1688,,4
296,3039,,3
297,1014,,2
298,2983,,4
299,2974,,1
300,31,,3
301,2585,,1
302,542,,4
303,1664,,4
304,3147,,3
305,670,,2
306,1927,,3
307,2664,,4
308,1645,,4
309,268,,5
310,224,,1
311,1774,,1
312,86,,4
313,53,,1
314,3266,,1
315,1826,,2
316,1623,,4
317,344,,1
318,2694,,2
319,1749,,1
320,754,,0
321,2579,,4
322,812,,1
323,1724,,2
324,1919,,3
325,956,,3
326,3001,,1
327,2410,,3
328,989,,5
329,537,,2
330,1127,,1
331,1594,,2
332,1886,,3
333,1371,,2
334,138,,1
335,2316,,1
336,1298,,4
337,1149,,1
338,1906,,2
339,2861,,4
340,17,,3
341,3291,,1
342,2186,,1
343,1873,,3
344,175,,2
345,2436,,5
346,2466,,1
347,1920,,1
348,2746,,3
349,2873,,5
350,2873,,1
351,1120,,5
352,2307,,5
353,197,,3
354,1924,,3
355,500,,5
356,1054,,4
357,2318,,3
358,1455,,2
359,2958,,5
360,299,,2
361,3329,,2
362,2422,,5
363,1475,,3
364,85,,4
365,144,,5
366,1417,,4
367,1961,,1
368,1734,,4
369,1019,,3
370,2227,,1
371,2104,,1
372,1176,,5
373,1116,,1
374,1517,,3
375,2546,,5
376,2012,,5
377,436,,5
378,3162,,4
379,693,,3
380,2302,,2
381,58,,5
382,872,,3
383,1935,,2
384,2902,,5
385,1928,,2
386,189,,1
387,3274,,4
388,933,,3
389,1249,,4
390,371,,4
391,2385,,4
392,1532,,2
393,753,,2
394,2182,,2
395,672,,5
396,1819,,4
397,2273,,2
398,2779,,5
399,2380,,4
400,1944,,3
401,117,,5
402,797,,5
403,1980,,3
404,1838,,1
405,1828,,3
406,2520,,2
407,3100,,4
408,1723,,1
409,461,,3
410,1514,,3
411,866,,2
412,1813,,4
413,2020,,3
414,1878,,2
415,1993,,5
416,1064,,3
417,606,,1
418,2926,,4
419,1376,,2
420,712,,4
421,3410,,4
422,113,,4
423,1187,,5
424,2540,,4
425,1408,,2
426,2885,,5
427,1230,,3
428,2202,,4
429,1465,,2
430,1607,,5
431,1706,,5
432,3341,,5
433,2603,,2
434,1270,,5
435,1427,,4
436,1391,,1
437,2522,,5
438,2025,,3
439,1831,,3
440,1475,,2
441,1365,,5
442,1902,,1
443,2847,,2
444,3311,,3
445,209,,1
446,814,,2
447,2347,,4
448,509,,3
449,2091,,5
450,1451,,5
451,654,,1
452,1727,,2
453,1744,,5
454,2443,,5
455,2829,,1
456,3272,,4
457,1504,,2
458,2359,,5
459,2697,,3
460,3382,,1
461,2228,,2
462,844,,5
463,1172,,4
464,716,,1
465,678,,5
466,1050,,5
467,1707,,3
468,2696,,1
469,998,,3
470,639,,1
471,434,,2
472,672,,2
473,1483,,4
474,1411,,4
475,1367,,1
476,1088,,5
477,1553,,4
478,2215,,4
479,153,,4
480,3049,,4
481,1047,,4
482,475,,2
483,599,,4
484,1873,,5
485,1784,,4
486,303,,3
487,1710,,4
488,759,,5
489,3121,,4
490,1059,,4
491,3424,,5
492,1984,,2
493,3304,,2
494,1901,,2
495,432,,2
496,2203,,4
497,1637,,3
498,2805,,5
499,1341,,4
500,642,,4
501,390,,5
502,2547,,5
503,798,,1
504,2285,,5
505,461,,5
506,274,,2
507,2434,,2
508,1181,,3
509,1943,,5
510,95,,4
511,645,,3
512,309,,2
513,959,,5
514,972,,4
515,1283,,1
516,833,,2
517,1565,,5
518,3084,,4
519,295,,3
520,3062,,3
521,1414,,1
522,1980,,5
523,2302,,4
524,2518,,3
525,3233,,4
526,3424,,3
527,338,,3
528,1405,,1
529,1847,,3
530,1790,,5
531,3396,,1
532,2231,,3
533,1379,,5
534,3153,,3
535,2504,,1
536,2730,,5
537,2150,,1
538,221,,3
539,3325,,1
540,2442,,6
541,512,,2
542,863,,2
543,1168,,5
544,874,,3
545,2127,,2
546,1875,,2
547,728,,3
548,2385,,2
549,983,,5
550,546,,2
551,3277,,4
552,1078,,3
553,797,,2
554,2453,,3
555,2615,,1
556,521,,3
557,192,,4
558,2911,,3
559,1727,,1
560,1562,,3
561,1440,,1
562,2008,,2
563,2307,,4
564,276,,5
565,910,,5
566,3270,,3
567,572,,2
568,3109,,5
569,1375,,2
570,652,,3
571,2038,,1
572,2272,,2
573,1199,,3
574,2717,,4
575,219,,5
576,418,,1
577,2129,,3
578,1978,,5
579,2395,,1
580,2913,,3
581,3186,,4
582,1736,,1
583,1717,,4
584,3164,,3
585,3291,,4
586,164,,4
587,1733,,1
588,3149,,1
589,176,,2
590,3347,,2
591,2566,,2
592,535,,5
593,2195,,4
594,1477,,2
595,1146,,4
596,2127,,1
597,2519,fecha_mala,1
598,3060,,1
599,1430,,3
600,547,,4
601,2959,,3
602,1145,,3
603,2601,,1
604,2733,,4
605,201,,3
606,1405,,5
607,291,,2
608,2072,,1
609,2723,,3
610,1919,,1
611,1110,,1
612,3334,,2
613,294,,4
614,485,,3
615,1255,,5
616,3249,,1
617,3064,,5
618,1933,,3
619,3262,,3
620,3097,,5
621,2011,,3
622,404,,1
623,3081,,2
624,2198,,5
625,484,,1
626,2878,,5
627,1366,,4
628,2696,,3
629,897,,2
630,35,,5
631,1555,,1
632,1549,,4
633,2959,,2
634,396,,2
635,3128,,1
636,524,,3
637,3201,,1
638,2420,,1
639,1233,,2
640,3277,,3
641,1231,,5
642,2172,,5
643,56,,3
644,351,,3
645,1211,,4
646,836,,2
647,779,,4
648,1298,,4
649,2085,,4
650,430,,5
651,2576,,2
652,2905,,1
653,2863,,3
654,667,,2
655,3016,,1
656,444,,1
657,367,,3
658,2486,,5
659,2605,,2
660,435,,3
661,1424,,1
662,1406,,1
663,2476,,4
664,1766,,4
665,2058,,1
666,275,,3
667,3346,,3
668,1904,,1
669,2291,,2
670,1645,,5
671,844,,2
672,2290,,4
673,988,,4
674,751,,1
675,1892,,5
676,1222,,5
677,3064,,4
678,2260,,1
679,1280,,5
680,122,,1
681,1169,,3
682,397,,3
683,751,,4
684,972,,1
685,2235,,5
686,365,,3
687,555,,2
688,136,,2
689,3141,,4
690,3382,,1
691,1022,,2
692,1561,,5
693,1032,,5
694,1828,,2
695,1888,,3
696,874,,3
697,2209,,2
698,27,,2
699,2208,,1
700,2572,,5
701,182,,2
702,2479,,1
703,2526,,4
704,3331,,1
705,2762,,5
706,73,,5
707,280,,3
708,470,,1
709,1993,,1
710,2440,,5
711,2254,,3
712,1131,,3
713,688,,1
714,219,,5
715,1281,,3
716,1031,,1
717,1041,,1
718,301,,5
719,998,,1
720,2869,,2
721,825,,1
722,3004,,1
723,297,,5
724,2182,,4
725,370,,2
726,1321,,1
727,3267,,2
728,2634,,2
729,1760,,4
730,2164,,3
731,2262,,3
732,2713,,1
733,2031,,1
734,1750,,2
735,260,,2
736,3283,,3
737,1940,,5
738,994,,3
739,462,,2
740,2070,,3
741,2680,,1
742,2768,,4
743,3035,,1
744,3062,,2
745,2134,,5
746,3243,,3
747,254,,4
748,1353,,2
749,1658,,5
750,2396,,2
751,1025,,2
752,994,,1
753,3094,,2
754,2225,,3
755,2176,,1
756,631,,1
757,1714,,2
758,1444,,4
759,2126,,3
760,3152,,1
761,954,,1
762,2778,,1
763,2171,,2
764,1701,,2
765,3254,,1
766,503,,3
767,2324,,3
768,1366,,4
769,2336,,5
770,475,,4
771,2522,,5
772,235,,5
773,1195,,5
774,3105,,2
775,2167,,1
776,1684,,1
777,1134,,5
778,307,,5
779,381,,2
780,2455,,4
781,940,,3
782,255,,1
783,1501,,4
784,1357,,1
785,3281,,1
786,789,,3
787,917,fecha_mala,1
788,564,,2
789,645,,4
790,1828,,3
791,764,,1
792,2465,,2
793,2800,,5
794,1669,,5
795,821,,5
796,2812,,3
797,3310,,3
798,3143,,4
799,3152,,5
800,2765,,1
801,2529,,5
802,3276,,4
803,1163,,1
804,3182,,5
805,71,,1
806,2852,,1
807,1145,,2
808,1003,,3
809,2314,,3
810,598,,2
811,3404,,4
812,2491,,3
813,66,,1
814,2896,,5
815,370,,2
816,2820,,4
817,2785,,2
818,2205,,4
819,2057,,2
820,2843,,2
821,2913,,1
822,2423,,5
823,586,,4
824,2279,,4
825,690,,4
826,160,,1
827,520,,3
828,1578,,5
829,3301,,2
830,116,,1
831,255,,5
832,317,,1
833,653,,4
834,1853,,5
835,2814,,4
836,163,,1
837,2756,,5
838,3128,,1
839,272,,5
840,1543,,1
841,2791,,3
842,2398,,5
843,635,,2
844,507,,1
845,1527,,1
846,2904,,2
847,3250,,2
848,1638,,2
849,1814,,3
850,1914,,2
851,1679,,3
852,2222,,2
853,938,,2
854,1850,,5
855,2100,,4
856,1929,,4
857,3340,,2
858,2550,,5
859,2515,,2
860,2763,,4
861,1808,,4
862,1049,,2
863,1836,,4
864,3159,,1
865,3012,,2
866,1213,,3
867,1655,,4
868,933,,2
869,42,,4
870,1067,,4
871,346,,5
872,1228,,1
873,184,,3
874,1086,,4
875,2447,,3
876,2890,,2
877,3040,,3
878,1922,,3
879,1872,,3
880,3315,,5
881,1903,,3
882,288,,2
883,3206,,1
884,2103,,1
885,2284,,3
886,329,,2
887,1609,,1
888,1572,,2
889,2791,,2
890,1311,,3
891,1176,,1
892,2332,,5
893,54,,5
894,2554,,5
895,26,,1
896,816,,4
897,1704,,1
898,664,,4
899,122,,4
900,1437,,2
901,2423,,3
902,829,,5
903,939,,1
904,2318,,3
905,3246,,2
906,1774,,1
907,1915,,4
908,2833,,5
909,227,,3
910,3361,,3
911,1630,,3
912,1296,,1
913,2117,,2
914,3124,,4
915,3210,,3
916,2662,,2
917,1657,,1
918,511,,1
919,652,,3
920,2864,,2
921,429,,4
922,1650,,3
923,1397,,1
924,2429,,2
925,1176,,1
926,2407,,1
927,1741,,4
928,3035,,2
929,640,,5
930,2607,,2
931,2472,,2
932,2825,,3
933,1680,,2
934,1100,,3
935,1772,,1
936,3333,,1
937,668,,5
938,2266,,2
939,769,,1
940,2650,,2
941,1451,,3
942,2942,,3
943,560,,4
944,424,,5
945,3257,,2
946,1153,,2
947,291,,1
948,2864,,1
949,1419,,1
950,3158,,1
951,1500,,3
952,2590,,4
953,1983,,5
954,1652,,2
955,1665,,2
956,861,,4
957,2523,,4
958,1799,,4
959,6,,1
960,1361,,1
961,1391,,3
962,3034,,3
963,1463,,2
964,1943,,5
965,284,,1
966,1343,,2
967,973,,4
968,1708,,3
969,3078,,2
970,3198,,3
971,983,,3
972,2101,,2
973,3269,,4
974,785,,4
975,1501,,1
976,1713,,1
977,12,,5
978,1595,,2
979,416,,1
980,1064,,3
981,396,,2
982,2522,,5
983,2860,,5
984,919,,1
985,139,,1
986,1687,,4
987,393,,2
988,1511,,1
989,1864,,3
990,1600,,4
991,1788,,5
992,1942,,3
993,561,,4
994,2341,,3
995,2290,,4
996,490,,5
997,1486,,5
998,988,,4
999,1361,,5
1000,2647,,1
1001,2044,,4
1002,3110,,5
1003,1950,,5
1004,153,,2
1005,2437,,3
1006,252,,4
1007,1172,,1
1008,3199,,4
1009,3390,,2
1010,507,,5
1011,3375,,4
1012,3355,,2
1013,3009,,1
1014,2837,,4
1015,258,,3
1016,414,fecha_mala,4
1017,2102,,1
1018,352,,3
1019,860,,4
1020,3348,,5
1021,3119,,2
1022,873,,2
1023,1846,,4
1024,1845,,2
1025,900,,5
1026,810,,4
1027,1498,,5
1028,2058,,1
1029,2755,,1
1030,2878,,5
1031,70,,2
1032,2250,,2
1033,2110,,2
1034,160,,3
1035,2859,,5
1036,2039,,4
1037,2463,,1
1038,2264,,5
1039,1145,,3
1040,689,,4
1041,1295,,2
1042,2611,,1
1043,2181,,3
1044,2148,,2
1045,447,,1
1046,33,,4
1047,2288,,5
1048,3256,,5
1049,1229,,2
1050,1527,,4
1051,3281,,3
1052,796,fecha_mala,3
1053,1788,,4
1054,296,,2
1055,903,,2
1056,1283,,3
1057,2348,,4
1058,1055,,3
1059,1578,,2
1060,1021,,1
1061,484,,3
1062,2717,,1
1063,2305,,3
1064,2213,,4
1065,1997,,3
1066,456,,3
1067,1765,,2
1068,2426,,2
1069,1694,,5
1070,2478,,5
1071,1128,,1
1072,1762,,2
1073,1305,,2
1074,3411,,4
1075,614,,1
1076,971,,4
1077,2333,,1
1078,201,,5
1079,1757,,1
1080,99,,5
1081,1808,,5
1082,1098,,4
1083,651,,5
1084,1706,,3
1085,1134,,4
1086,268,,4
1087,1825,,1
1088,1938,,5
1089,2267,,4
1090,3086,,3
1091,2407,,2
1092,2730,,4
1093,2220,,5
1094,2304,,1
1095,2718,,5
1096,2267,,3
1097,1721,,4
1098,2502,,1
1099,3307,,1
1100,1693,,4
1101,775,,2
1102,1377,,2
1103,49,,4
1104,1051,,2
1105,3039,,2
1106,342,,2
1107,3042,,2
1108,1926,,4
1109,1091,,1
1110,1619,,5
1111,3010,,4
1112,408,,1
1113,1938,,3
1114,919,,1
1115,1854,,1
1116,2697,,4
1117,3156,,2
1118,876,,3
1119,2273,,2
1120,1459,,2
1121,1722,,4
1122,553,,4
1123,2934,fecha_mala,1
1124,582,,5
1125,137,,3
1126,2591,,2
1127,1390,,1
1128,229,,3
1129,2332,,4
1130,977,,1
1131,3344,,2
1132,3360,,5
1133,1886,,1
1134,1630,,5
1135,1524,,2
1136,2077,,3
1137,3114,,4
1138,2195,,5
1139,340,,4
1140,672,,2
1141,2156,,1
1142,1265,,4
1143,1642,,3
1144,1373,,4
1145,2042,,5
1146,791,,5
1147,253,,3
1148,802,,4
1149,2288,,4
1150,2082,,1
1151,2772,,2
1152,372,,1
1153,485,,2
1154,443,,1
1155,1928,,5
1156,1964,,5
1157,546,,4
1158,1539,,3
1159,177,,1
1160,2096,,3
1161,1953,,1
1162,93,,1
1163,304,,1
1164,2415,,3
1165,3080,,6
1166,2911,,3
1167,1943,,4
1168,1796,,3
1169,2769,,5
1170,2880,,2
1171,3105,,2
1172,1369,,1
1173,1631,,2
1174,271,,1
1175,600,,1
1176,1294,,5
1177,2773,,3
1178,1529,,4
1179,2012,,2
1180,2965,,4
1181,1630,,3
1182,1147,,5
1183,2502,,4
1184,1080,,3
1185,1330,,4
1186,3042,,4
1187,1498,,5
1188,860,,3
1189,2859,,5
1190,2201,,1
1191,2630,,1
1192,1119,,2
1193,2679,,5
1194,3259,,5
1195,560,,3
1196,650,,3
1197,1933,,3
1198,2480,,2
1199,2,,3
1200,1884,,5
1201,437,,4
1202,3353,,1
1203,2488,,2
1204,3405,,4
1205,747,,3
1206,2719,,4
1207,1309,,4
1208,355,,2
1209,1645,,3
1210,1607,,1
1211,1714,,4
1212,2927,,3
1213,958,,2
1214,2187,,4
1215,683,,5
1216,3011,,5
1217,1569,,1
1218,2738,,5
1219,922,,3
1220,1072,,1
1221,3367,,2
1222,669,,2
1223,1923,,2
1224,1105,,4
1225,1337,,3
1226,2384,,4
1227,2679,,5
1228,1648,,1
1229,2186,,5
1230,151,,1
1231,802,,1
1232,2543,,1
1233,2281,,1
1234,154,,2
1235,3053,,5
1236,1402,,4
1237,1041,,3
1238,1584,,5
1239,1353,,3
1240,1723,,1
1241,563,,1
1242,477,,3
1243,3390,,2
1244,2562,,2
1245,1238,,2
1246,2910,,2
1247,2725,,5
1248,2391,,1
1249,2471,,1
1250,3258,,2
1251,2857,,4
1252,882,,2
1253,2490,,2
1254,551,,4
1255,1722,,4
1256,231,,4
1257,581,,4
1258,2472,,4
1259,1273,,3
1260,556,,3
1261,3355,,4
1262,3214,,2
1263,786,,2
1264,2050,,2
1265,1007,,5
1266,2755,,1
1267,2357,,2
1268,1489,,1
1269,3189,,2
1270,2517,,2
1271,519,,3
1272,1520,,5
1273,2842,,3
1274,1846,,5
1275,343,,2
1276,2650,,4
1277,1648,,1
1278,816,,4
1279,2794,,4
1280,3030,,4
1281,2013,,5
1282,2454,,4
1283,826,,3
1284,2557,,4
1285,3098,,2
1286,816,,2
1287,3230,,5
1288,309,,5
1289,1528,,5
1290,250,,4
1291,1533,,2
1292,2217,,2
1293,2982,,2
1294,514,,3
1295,3040,,2
1296,3423,,4
1297,229,,1
1298,3292,,5
1299,3105,,3
1300,100,,2
1301,217,,3
1302,2484,,3
1303,1438,,3
1304,894,,2
1305,1385,,2
1306,1168,,2
1307,3341,fecha_mala,1
1308,824,,2
1309,304,,3
1310,2845,,1
1311,2877,,3
1312,3062,,3
1313,3327,,1
1314,139,,3
1315,2634,,4
1316,925,,4
1317,1445,,2
1318,1537,,3
1319,3376,,1
1320,1788,,2
1321,763,,4
1322,301,,3
1323,2018,,5
1324,2843,,4
1325,2434,,5
1326,3199,,3
1327,144,,1
1328,1380,,3
1329,2096,,5
1330,2937,,1
1331,1071,,5
1332,2317,,1
1333,713,,4
1334,2027,,5
1335,2655,,2
1336,2806,,2
1337,1548,,5
1338,1621,,2
1339,3021,,4
1340,1876,,1
1341,1200,,4
1342,941,,3
1343,2438,,3
1344,2440,,4
1345,1842,,3
1346,545,,4
1347,554,,3
1348,833,,5
1349,41,,3
1350,1644,,2
1351,1421,,5
1352,1320,,2
1353,3203,,5
1354,821,,5
1355,2771,,3
1356,658,,3
1357,2096,,2
1358,2949,,5
1359,2870,,2
1360,2024,,4
1361,710,,5
1362,1293,,1
1363,1455,,1
1364,2897,,5
1365,1293,,5
1366,2827,,2
1367,3260,,2
1368,380,,4
1369,3205,,3
1370,1943,,2
1371,2059,,2
1372,1047,,3
1373,1144,,2
1374,1853,,3
1375,682,,4
1376,2460,,2
1377,2285,,3
1378,30,,5
1379,722,,3
1380,1759,,1
1381,2542,,4
1382,1000,,3
1383,3038,,4
1384,1829,,1
1385,1847,,4
1386,377,,4
1387,2152,,1
1388,2801,,3
1389,724,,3
1390,1863,,3
1391,22,,4
1392,723,,4
1393,244,,5
1394,2637,,4
1395,3411,,2
1396,130,,5
1397,2406,,3
1398,2031,,5
1399,2405,,3
1400,1719,,2
1401,3396,,4
1402,136,,4
1403,511,,1
1404,856,,1
1405,2680,,4
1406,265,,1
1407,424,,3
1408,2509,,3
1409,1434,,3
1410,2418,,3
1411,1256,,5
1412,306,,3
1413,2046,,5
1414,375,,3
1415,1641,,3
1416,3015,,4
1417,627,,2
1418,688,,5
1419,3248,,5
1420,1041,,1
1421,1277,,1
1422,2344,,2
1423,439,,1
1424,208,,1
1425,2889,,5
1426,3246,,1
1427,3381,,2
1428,79,,5
1429,1815,,2
1430,2909,,1
1431,2894,,2
1432,1237,,2
1433,1680,,3
1434,514,,3
1435,477,,1
1436,1293,,2
1437,789,,3
1438,3332,,3
1439,275,,3
1440,1812,,5
1441,1907,,3
1442,204,,4
1443,1510,,3
1444,3225,,3
1445,376,,1
1446,492,,4
1447,567,,5
1448,188,,5
1449,3031,,4
1450,156,,2
1451,963,,3
1452,2831,,4
1453,3409,,4
1454,525,,4
1455,1234,,1
1456,614,,4
1457,660,,3
1458,3234,,1
1459,1157,,3
1460,2095,,4
1461,537,,5
1462,978,,4
1463,1237,,2
1464,2009,,4
1465,3083,,4
1466,833,,1
1467,2210,,5
1468,1693,,1
1469,2724,,4
1470,1147,,4
1471,1451,,5
1472,2133,,4
1473,1518,,1
1474,2599,,5
1475,48,,2
1476,1194,,3
1477,598,,5
1478,493,,2
1479,183,,4
1480,1219,,4
1481,746,,3
1482,2597,,4
1483,1720,,4
1484,2696,,3
1485,3033,,1
1486,2691,,4
1487,1442,,4
1488,3338,,2
1489,1320,,5
1490,2825,,2
1491,592,,1
1492,3318,,1
1493,1039,,3
1494,2147,,2
1495,1213,,4
1496,786,,4
1497,1129,,3
1498,2084,,2
1499,383,,5
1500,678,,5
1501,3151,,2
1502,293,,2
1503,2475,,5
1504,1033,,4
1505,1094,,3
1506,1243,,3
1507,1311,,4
1508,2428,,2
1509,2756,,5
1510,1244,,3
1511,588,,1
1512,11,,5
1513,2482,,5
1514,3141,,5
1515,118,,4
1516,2019,,2
1517,748,,3
1518,722,,3
1519,2838,,3
1520,865,,1
1521,1041,,2
1522,426,,3
1523,3097,,3
1524,3105,,2
1525,3128,,4
1526,789,,5
1527,643,,3
1528,3222,,4
1529,2100,,1
1530,906,,1
1531,160,,1
1532,2738,,5
1533,2748,,2
1534,36,,4
1535,1639,,4
1536,1656,,1
1537,1590,,1
1538,1265,,4
1539,1125,,4
1540,1146,,3
1541,3153,,2
1542,3399,,3
1543,383,,4
1544,2469,,1
1545,1965,,1
1546,877,,2
1547,637,,1
1548,2578,,1
1549,1249,,3
1550,444,,5
1551,3320,,4
1552,3172,,2
1553,1434,,3
1554,1461,,3
1555,1441,,2
1556,654,,5
1557,362,,5
1558,935,,5
1559,1326,,3
1560,532,,4
1561,122,,4
1562,3188,,4
1563,3006,,1
1564,1048,,5
1565,2105,,5
1566,490,,4
1567,3175,,3
1568,2785,,3
1569,603,,2
1570,731,,1
1571,1140,,5
1572,323,,2
1573,1189,,2
1574,2290,,3
1575,2488,,4
1576,26,,2
1577,1206,,2
1578,2852,,2
1579,2982,,2
1580,1928,,1
1581,2519,,2
1582,846,,3
1583,2975,,3
1584,1623,,2
1585,2370,,5
1586,899,,2
1587,593,,5
1588,1826,,4
1589,1790,,4
1590,1958,,2
1591,2768,,5
1592,2644,,3
1593,1034,,3
1594,1597,,2
1595,293,,3
1596,2695,,4
1597,464,,5
1598,238,,5
1599,1782,,1
1600,3156,,1
1601,1289,,5
1602,636,,5
1603,632,,1
1604,2866,,5
1605,2263,,4
1606,1695,,5
1607,3177,,1
1608,359,,5
1609,2112,,2
1610,1233,,3
1611,800,,2
1612,3146,,1
1613,3278,,4
1614,2859,,1
1615,509,,3
1616,2474,,1
1617,1228,,5
1618,1301,,3
1619,664,,1
1620,2017,,5
1621,2937,,4
1622,796,,1
1623,1842,,2
1624,2219,,3
1625,2160,,4
1626,894,,5
1627,99,,5
1628,2840,,1
1629,2044,,3
1630,2413,,1
1631,1822,,2
1632,1323,,2
1633,863,,6
1634,2259,,2
1635,2848,,3
1636,1114,,3
1637,83,,5
1638,534,,3
1639,1984,,1
1640,806,,3
1641,2789,,2
1642,931,,1
1643,1692,,4
1644,777,,4
1645,1557,,2
1646,2324,,2
1647,2726,,3
1648,2534,,3
1649,1738,,5
1650,1566,,1
1651,1116,,1
1652,3384,,4
1653,2513,,5
1654,3052,,4
1655,2534,,2
1656,299,,2
1657,909,,5
1658,1578,,4
1659,1078,,3
1660,3112,,3
1661,1685,,1
1662,755,,5
1663,2048,,1
1664,1297,,5
1665,439,,1
1666,3244,,1
1667,3239,,1
1668,2659,,3
1669,1076,,1
1670,2851,,2
1671,988,,4
1672,3013,,4
1673,3029,,2
1674,587,,1
1675,1079,,1
1676,2396,,3
1677,802,,3
1678,2750,,5
1679,2326,,3
1680,776,,2
1681,2658,,4
1682,149,,5
1683,1316,,5
1684,611,,1
1685,1,,3
1686,2540,,5
1687,524,,5
1688,2378,,4
1689,259,,1
1690,3055,,2
1691,3350,,5
1692,1086,,1
1693,1666,,4
1694,2130,,3
1695,2020,,4
1696,92,,4
1697,3354,,1
1698,3203,,1
1699,1668,,2
1700,1900,,5
1701,583,,5
1702,2564,,4
1703,1763,,2
1704,973,,5
1705,1052,,4
1706,281,,2
1707,2702,,4
1708,216,,3
1709,1930,,3
1710,2791,,2
1711,180,,4
1712,521,,2
1713,2612,,5
1714,2823,,1
1715,279,,2
1716,909,,1
1717,2077,,2
1718,1854,,4
1719,1770,,5
1720,898,,1
1721,1847,,2
1722,172,,1
1723,2989,,5
1724,1858,,3
1725,1277,,2
1726,1258,,4
1727,1268,,1
1728,1491,,4
1729,661,,1
1730,2061,,3
1731,630,,1
1732,1075,,2
1733,2983,,4
1734,1932,,3
1735,3093,,3
1736,2253,,4
1737,2684,,5
1738,307,,2
1739,1728,,5
1740,1200,,1
1741,59,,5
1742,309,,5
1743,651,,3
1744,24,,1
1745,1498,,3
1746,176,,2
1747,2824,,3
1748,2029,,2
1749,3299,,1
1750,289,,5
1751,274,,5
1752,2975,,3
1753,1343,,5
1754,2602,,5
1755,651,,5
1756,31,,5
1757,1706,,1
1758,1964,,4
1759,382,,5
1760,36,,1
1761,727,,1
1762,374,,2
1763,3412,,5
1764,3385,,5
1765,55,,3
1766,1566,,5
1767,1317,,1
1768,94,,5
1769,2284,,5
1770,2913,,5
1771,2094,,2
1772,3142,,4
1773,2184,,2
1774,1879,,3
1775,3247,,5
1776,2418,,3
1777,2619,,4
1778,2672,,3
1779,109,,1
1780,2517,,1
1781,2564,,4
1782,1694,,2
1783,1934,,2
1784,2852,,1
1785,486,,5
1786,1807,,1
1787,2640,,3
1788,889,,2
1789,904,,5
1790,14,,4
1791,1070,,1
1792,1229,,4
1793,3263,,1
1794,283,,3
1795,2214,,2
1796,217,,4
1797,2738,,3
1798,1608,,3
1799,1459,,5
1800,3233,,3
1801,2566,,2
1802,362,,3
1803,912,,5
1804,938,,1
1805,2089,,2
1806,2844,,3
1807,2185,,2
1808,1377,,4
1809,2557,,1
1810,2599,,2
1811,277,,3
1812,1858,,5
1813,2435,,2
1814,2069,,2
1815,839,,5
1816,552,,3
1817,997,,2
1818,1207,,5
1819,3157,,1
1820,2130,,4
1821,2863,,5
1822,92,,3
1823,2685,,5
1824,646,,4
1825,1938,,3
1826,1324,,1
1827,2959,,1
1828,2311,,4
1829,1577,,4
1830,1746,,4
1831,2422,,2
1832,2462,,1
1833,1964,,1
1834,2490,,1
1835,2703,,2
1836,107,,5
1837,1257,,4
1838,3089,,1
1839,1101,,2
1840,2823,,5
1841,1882,,3
1842,929,,2
1843,1200,,2
1844,1660,,2
1845,428,,3
1846,1056,,3
1847,2333,,3
1848,3106,,4
1849,3255,,2
1850,1312,,3
1851,2720,,5
1852,1357,,2
1853,2764,,5
1854,3124,,3
1855,1527,,2
1856,2058,,4
1857,2970,,2
1858,473,,2
1859,846,,2
1860,2145,,3
1861,614,,1
1862,2721,,2
1863,913,,4
1864,1158,,2
1865,2777,,3
1866,1805,,2
1867,2709,,5
1868,2147,,2
1869,1762,,4
1870,1749,,4
1871,2750,,3
1872,3423,,5
1873,84,,5
1874,1736,,1
1875,2683,,3
1876,2204,,1
1877,1658,,5
1878,2719,,5
1879,1604,,3
1880,468,,2
1881,933,,5
1882,151,,2
1883,2405,,4
1884,3333,,4
1885,1300,,2
1886,2508,,2
1887,3365,,5
1888,1347,,3
1889,3022,,3
1890,61,,5
1891,2321,,3
1892,570,,3
1893,2677,,2
1894,34,,4
1895,2853,,1
1896,1358,,2
1897,812,,5
1898,1901,,2
1899,3390,,5
1900,550,,5
1901,1062,,2
1902,2192,,5
1903,322,,4
1904,3269,,5
1905,1794,,3
1906,3393,,1
1907,1422,,3
1908,2854,,5
1909,1134,,1
1910,1521,,1
1911,1188,,5
1912,1875,,3
1913,765,,3
1914,1724,,4
1915,2877,,4
1916,534,,3
1917,2716,,4
1918,2927,,3
1919,120,,2
1920,2315,,4
1921,1662,,2
1922,2185,,5
1923,1010,,2
1924,755,,1
1925,984,,5
1926,525,,1
1927,1389,,5
1928,2991,,4
1929,2667,,3
1930,615,,2
1931,1912,,2
1932,253,,1
1933,204,,5
1934,2143,,2
1935,1037,,1
1936,2413,,1
1937,534,,4
1938,410,,3
1939,2450,,2
1940,709,,5
1941,200,,2
1942,2702,,5
1943,2416,,1
1944,3184,,3
1945,2052,,1
1946,1632,,1
1947,2297,,4
1948,2713,,4
1949,2155,,3
1950,1094,,3
1951,3048,,2
1952,2409,,4
1953,3005,,1
1954,1909,,3
1955,1541,,5
1956,2888,,4
1957,2095,,5
1958,2658,,2
1959,3049,,1
1960,974,,5
1961,662,,3
1962,512,,4
1963,2055,,5
1964,2767,,2
1965,3344,,1
1966,113,,5
1967,6,,2
1968,2326,,1
1969,924,,3
1970,1631,,1
1971,270,,1
1972,258,,4
1973,1809,,1
1974,2359,,4
1975,3036,,3
1976,1654,,1
1977,2212,,5
1978,2946,,1
1979,1480,,4
1980,715,,1
1981,2828,,3
1982,8,,1
1983,946,,5
1984,447,,3
1985,2204,,1
1986,924,,1
1987,1180,,3
1988,2234,,3
1989,1015,,2
1990,1243,,4
1991,1710,,4
1992,405,,4
1993,3203,,4
1994,3362,,5
1995,2443,,2
1996,371,,1
1997,1619,,1
1998,1217,,1
1999,570,,2
2000,3003,,1
2001,1422,,5
2002,2236,,2
2003,2368,,2
2004,1096,,3
2005,1195,,3
2006,3324,,1
2007,2825,,5
2008,1717,,4
2009,1828,,5
2010,28,,5
2011,700,,5
2012,22,,2
2013,2761,,4
2014,3223,,1
2015,556,,2
2016,964,,4
2017,1207,,4
2018,2782,,4
2019,1395,,4
2020,150,,1
2021,2007,,3
2022,504,,4
2023,2210,,1
2024,2935,,2
2025,232,,3
2026,3405,,4
2027,2272,,5
2028,178,,4
2029,754,,5
2030,575,,2
2031,3027,,2
2032,2476,,2
2033,1278,,5
2034,1814,,4
2035,1194,,3
2036,1391,,3
2037,2186,,2
2038,667,,5
2039,2602,,4
2040,3239,,3
2041,3337,,4
2042,591,,4
2043,1411,,2
2044,909,,4
2045,2175,,4
2046,1111,,4
2047,1352,,1
2048,475,,1
2049,1918,,1
2050,1837,,2
2051,1890,,1
2052,1170,,3
2053,2589,,5
2054,2082,,1
2055,605,,2
2056,1260,,1
2057,2263,,1
2058,399,,1
2059,1207,,4
2060,2989,,5
2061,1514,,4
2062,1746,,4
2063,2334,,1
2064,1103,,5
2065,2831,,3
2066,57,,5
2067,1619,,2
2068,2048,,4
2069,819,,3
2070,2681,,3
2071,273,,1
2072,2227,,3
2073,2170,,1
2074,2698,,4
2075,710,,4
2076,531,,5
2077,1989,,3
2078,3329,,5
2079,2689,,5
2080,724,,3
2081,1398,,5
2082,914,,4
2083,2672,,2
2084,1755,,3
2085,1499,,1
2086,18,,2
2087,2171,,2
2088,1516,,2
2089,136,,2
2090,671,,1
2091,2489,,3
2092,2566,,2
2093,1692,,2
2094,2596,,4
2095,2529,,5
2096,2109,,1
2097,714,,3
2098,1445,,5
2099,2797,,4
2100,1063,,1
2101,2261,,4
2102,2835,,1
2103,1827,,4
2104,1737,,3
2105,643,,3
2106,1701,,2
2107,144,,5
2108,389,,1
2109,1857,,5
2110,748,,1
2111,1190,,2
2112,1235,,3
2113,1621,,3
2114,2394,,2
2115,1528,,2
2116,2896,,3
2117,1652,,1
2118,3401,,1
2119,3424,,2
2120,1464,,1
2121,2622,,1
2122,1553,,1
2123,2998,,5
2124,2624,,1
2125,1160,,1
2126,1101,,4
2127,3017,,3
2128,1852,,3
2129,2380,,4
2130,2319,,4
2131,569,,3
2132,810,,5
2133,3084,,2
2134,958,,2
2135,2975,,3
2136,1220,,5
2137,2900,,5
2138,1979,,4
2139,341,,1
2140,927,,4
2141,3263,,1
2142,713,,5
2143,780,,1
2144,513,,1
2145,2088,,3
2146,2772,,3
2147,3207,,2
2148,3035,,3
2149,3028,,4
2150,3099,,4
2151,1945,,4
2152,2815,,2
2153,2174,,3
2154,471,,1
2155,84,,2
2156,335,,5
2157,1185,,1
2158,1710,,3
2159,2187,,3
2160,1786,,2
2161,1255,,1
2162,2510,,1
2163,2950,,4
2164,764,,3
2165,897,,3
2166,3189,,1
2167,3324,,3
2168,1062,,1
2169,1745,,2
2170,1979,,5
2171,2175,,3
2172,2960,,1
2173,363,,3
2174,1793,,1
2175,742,,1
2176,2581,,4
2177,2044,,4
2178,2566,,2
2179,3101,,4
2180,2706,,1
2181,2926,,3
2182,2778,,3
2183,2142,,1
2184,1345,,4
2185,1152,,3
2186,1246,,3
2187,2081,,4
2188,2752,,4
2189,1258,,3
2190,1986,,5
2191,1418,,1
2192,2082,,4
2193,2805,,2
2194,1411,,3
2195,1360,,4
2196,691,,5
2197,1708,,3
2198,1565,,1
2199,549,,5
2200,3322,,3
2201,2945,,1
2202,997,,1
2203,3235,,1
2204,932,,2
2205,1435,,2
2206,448,,5
2207,2097,,5
2208,1649,,1
2209,916,,2
2210,989,,2
2211,3204,,3
2212,2354,,1
2213,524,,2
2214,463,,3
2215,240,,6
2216,848,,5
2217,2529,,5
2218,212,,2
2219,854,,5
2220,143,,5
2221,2225,,2
2222,2789,,3
2223,1813,,4
2224,3103,,5
2225,2359,,4
2226,2617,,5
2227,1075,,4
2228,2964,,1
2229,2162,,2
2230,297,,5
2231,284,,3
2232,3077,,1
2233,943,,2
2234,1597,,3
2235,2605,,3
2236,2633,,1
2237,93,,2
2238,2109,,2
2239,3128,,2
2240,1199,,5
2241,1859,,1
2242,907,,4
2243,2471,,2
2244,405,,3
2245,1780,,2
2246,1414,,5
2247,2196,,5
2248,1693,,2
2249,3363,,1
2250,3368,fecha_mala,1
2251,974,,4
2252,128,,5
2253,1688,,1
2254,2022,,1
2255,2575,,3
2256,1799,,5
2257,2009,,4
2258,79,,1
2259,2613,,5
2260,1130,,2
2261,1317,,2
2262,1449,,2
2263,246,,4
2264,1693,,2
2265,1306,,4
2266,800,,2
2267,843,,1
2268,117,,1
2269,3041,,3
2270,1007,,1
2271,2996,,3
2272,2865,,4
2273,1567,,3
2274,2767,,3
2275,724,,1
2276,620,,1
2277,3080,,1
2278,2214,,1
2279,2361,,3
2280,3164,,2
2281,48,,4
2282,590,,2
2283,3294,,2
2284,441,,3
2285,1537,,2
2286,76,,1
2287,1116,,1
2288,591,,5
2289,877,,1
2290,2788,,2
2291,945,,3
2292,2788,,3
2293,3065,,4
2294,1852,,4
2295,1845,,4
2296,1143,,2
2297,2284,,5
2298,2764,,1
2299,2957,,2
2300,668,,2
2301,2351,,2
2302,479,,3
2303,1680,,1
2304,306,,5
2305,1884,,1
2306,2916,,2
2307,2799,,3
2308,2449,,5
2309,1979,,3
2310,2140,,3
2311,342,,2
2312,2492,,4
2313,2335,,3
2314,492,,1
2315,2166,,3
2316,1318,,5
2317,1745,,5
2318,2789,,2
2319,1104,,4
2320,3140,,2
2321,1428,,4
2322,1758,,3
2323,99,,2
2324,419,,5
2325,965,,2
2326,3352,,2
2327,891,,5
2328,1353,,2
2329,2925,,1
2330,1093,,5
2331,2785,,3
2332,411,,5
2333,457,,1
2334,44,,4
2335,428,,1
2336,2068,,3
2337,311,,2
2338,2098,,3
2339,2052,,2
2340,803,,5
2341,128,,4
2342,555,,1
2343,491,,3
2344,1809,,4
2345,3189,,3
2346,1492,,4
2347,2171,,3
2348,1041,,5
2349,315,,4
2350,748,,3
2351,1642,,5
2352,2944,,2
2353,852,,4
2354,3370,,4
2355,2188,,2
2356,1218,,5
2357,2132,,2
2358,2392,,5
2359,2350,,1
2360,2965,,2
2361,2268,,2
2362,93,,2
2363,1293,,3
2364,3111,,4
2365,710,,3
2366,1710,,3
2367,1714,,1
2368,1907,,1
2369,2977,,2
2370,1850,,1
2371,2,,1
2372,833,,1
2373,2162,,2
2374,2680,,1
2375,2215,,1
2376,2509,,2
2377,825,,2
2378,329,,5
2379,3249,,4
2380,1928,,4
2381,2530,,4
2382,3278,,1
2383,626,,3
2384,2984,,4
2385,1255,,5
2386,2144,,3
2387,1325,,2
2388,681,,4
2389,3013,,1
2390,1190,,5
2391,85,,2
2392,515,,1
2393,3294,,2
2394,2816,,5
2395,2277,,3
2396,2667,,1
2397,2222,,2
2398,3118,,4
2399,342,,1
2400,218,,5
2401,2380,,4
2402,3305,,4
2403,1992,,4
2404,3311,,1
2405,1374,,5
2406,2310,,2
2407,1744,,1
2408,3020,,1
2409,2217,,1
2410,1502,,1
2411,839,,5
2412,1074,,1
2413,257,,4
2414,529,,1
2415,1743,,5
2416,109,,3
2417,1615,,3
2418,144,,1
2419,555,,5
2420,2369,,3
2421,99,,1
2422,1153,,4
2423,653,,5
2424,186,,1
2425,714,,2
2426,385,,4
2427,276,,1
2428,2279,,4
2429,428,,4
2430,3215,,3
2431,1667,,2
2432,1398,,3
2433,3000,,1
2434,2664,,4
2435,1441,,4
2436,3335,,3
2437,1818,,4
2438,2426,,3
2439,3322,,3
2440,2477,,5
2441,2024,,5
2442,2110,,5
2443,2241,,3
2444,3349,,2
2445,2402,,1
2446,1027,,3
2447,76,,5
2448,2682,,5
2449,1672,,1
2450,1422,,3
2451,3203,,4
2452,533,,4
2453,129,,5
2454,2533,,1
2455,3166,,3
2456,2841,,1
2457,2984,,4
2458,2958,,3
2459,2349,,3
2460,3158,,5
2461,1169,,5
2462,2552,,2
2463,316,,5
2464,1808,,5
2465,996,,1
2466,3216,,4
2467,1494,,1
2468,718,,4
2469,1951,,4
2470,265,,5
2471,435,,3
2472,1479,,2
2473,2161,,4
2474,1995,,2
2475,190,,1
2476,2329,,1
2477,198,,5
2478,2793,,2
2479,135,,1
2480,92,,1
2481,1773,,1
2482,2748,,4
2483,2621,,1
2484,2056,,5
2485,612,,3
2486,3264,,2
2487,71,,5
2488,1192,,3
2489,2583,,2
2490,2114,,4
2491,2708,,4
2492,2626,,4
2493,3219,,4
2494,1769,,5
2495,2812,,3
2496,534,,2
2497,597,,1
2498,171,,2
2499,701,,4
2500,382,,5
2501,2824,,2
2502,1696,,1
2503,1522,,4
2504,2191,,4
2505,1232,,1
2506,1955,,1
2507,13,,2
2508,2442,,3
2509,2985,,1
2510,134,,3
2511,276,,3
2512,467,,4
2513,2083,,5
2514,2607,,1
2515,2819,,3
2516,2676,,5
2517,1977,,1
2518,2406,,5
2519,959,,2
2520,2554,,4
2521,627,,4
2522,3300,,5
2523,144,,1
2524,3234,,5
2525,1578,,3
2526,2208,,4
2527,548,,4
2528,1094,,3
2529,2954,,3
2530,49,,5
2531,657,,3
2532,2164,,5
2533,2755,,4
2534,1478,,4
2535,300,,3
2536,504,,2
2537,3050,,4
2538,738,,2
2539,1982,,4
2540,3208,,4
2541,1287,,3
2542,227,,5
2543,2785,,1
2544,2698,,2
2545,2230,,2
2546,3090,,5
2547,2658,,3
2548,2358,,2
2549,1143,,5
2550,211,,3
2551,2487,,2
2552,2898,,5
2553,2381,,1
2554,2238,,5
2555,2461,,1
2556,949,,3
2557,401,,3
2558,2157,,5
2559,3231,,5
2560,468,,5
2561,244,,5
2562,2424,,5
2563,1448,,3
2564,3093,,5
2565,1617,,4
2566,1787,,2
2567,212,,5
2568,3261,,1
2569,1134,,1
2570,1501,,1
2571,2155,,3
2572,2938,,1
2573,2724,,2
2574,2650,,2
2575,362,,2
2576,303,,1
2577,2848,,2
2578,3126,,2
2579,2137,,4
2580,3119,,3
2581,1088,,2
2582,1204,,1
2583,583,,3
2584,2718,,2
2585,2293,,4
2586,770,,2
2587,3423,,5
2588,105,,1
2589,2639,,5
2590,713,,4
2591,2686,,4
2592,1658,,5
2593,802,,3
2594,198,,4
2595,2128,,3
2596,549,,4
2597,1541,,3
2598,3256,,5
2599,3041,,2
2600,1692,,4
2601,2506,,1
2602,2820,,1
2603,2078,,4
2604,708,,2
2605,2780,,1
2606,304,,4
2607,1790,,4
2608,2674,,4
2609,1955,,3
2610,1195,,5
2611,1426,,1
2612,1575,,1
2613,2549,,2
2614,3399,,5
2615,2667,,4
2616,1085,,3
2617,381,,5
2618,1621,,5
2619,2939,,1
2620,2175,,3
2621,1103,,5
2622,306,,1
2623,864,,1
2624,2454,,2
2625,2295,,5
2626,1548,,2
2627,1144,,4
2628,600,,2
2629,3331,,4
2630,1475,,5
2631,2628,,1
2632,1578,,2
2633,1950,,3
2634,2195,,1
2635,1219,,4
2636,3210,,2
2637,1567,,1
2638,2621,,4
2639,3139,,1
2640,1310,,2
2641,802,,1
2642,3322,,1
2643,2692,,3
2644,2709,,5
2645,3241,,2
2646,96,,2
2647,3236,,5
2648,400,,5
2649,498,,2
2650,747,,1
2651,389,,4
2652,286,,4
2653,429,,5
2654,1663,,4
2655,1276,,5
2656,1167,,1
2657,589,,1
2658,3333,,4
2659,1139,,4
2660,1620,,2
2661,488,,3
2662,727,,2
2663,803,,1
2664,3325,,5
2665,604,,5
2666,1761,,5
2667,1864,,3
2668,251,,1
2669,1203,,3
2670,277,,4
2671,600,,1
2672,2313,,1
2673,1947,,5
2674,1695,,1
2675,732,,3
2676,2138,,1
2677,3099,,1
2678,2911,,4
2679,594,,1
2680,2334,,4
2681,836,,5
2682,2952,,3
2683,1621,,1
2684,2544,,5
2685,1848,,2
2686,2310,,4
2687,3203,,1
2688,462,,1
2689,3095,,4
2690,1654,,2
2691,487,,3
2692,1484,,3
2693,192,,1
2694,1852,,2
2695,1618,,1
2696,1340,,1
2697,1522,,5
2698,2125,,1
2699,2832,fecha_mala,5
2700,1345,,3
2701,58,,2
2702,1910,,3
2703,3236,,5
2704,1353,,4
2705,421,,1
2706,3089,,4
2707,1437,,4
2708,1279,,5
2709,1012,,2
2710,2504,,5
2711,500,,2
2712,2103,,2
2713,1195,,4
2714,1321,,3
2715,739,,2
2716,2767,,2
2717,1554,,4
2718,3177,,5
2719,2836,,2
2720,2605,,3
2721,1542,,2
2722,3249,,2
2723,2004,,4
2724,1495,,4
2725,1190,,3
2726,3130,,3
2727,871,,3
2728,3002,,5
2729,784,,5
2730,2612,,1
2731,967,,5
2732,2861,,2
2733,2862,,4
2734,2501,,5
2735,3398,,3
2736,1755,,3
2737,2873,,4
2738,1893,,2
2739,133,,2
2740,1431,,4
2741,112,,2
2742,2276,,4
2743,523,,2
2744,1113,,1
2745,2985,,1
2746,2534,,2
2747,1151,,1
2748,1731,,2
2749,1991,,3
2750,1210,,2
2751,2569,,3
2752,505,,2
2753,1461,,1
2754,876,,2
2755,2326,,1
2756,2193,,4
2757,2765,,3
2758,1267,,3
2759,791,,1
2760,114,,3
2761,2948,,5
2762,1130,,2
2763,2585,,5
2764,1255,,3
2765,1138,,1
2766,803,,1
2767,2677,,3
2768,981,,5
2769,1015,,3
2770,2415,,1
2771,1775,,2
2772,2556,,5
2773,355,,5
2774,3285,,4
2775,811,,5
2776,405,,5
2777,375,,3
2778,1068,,5
2779,1451,,1
2780,264,,5
2781,2133,,3
2782,2101,,3
2783,2662,,5
2784,57,,2
2785,330,,1
2786,704,,4
2787,1501,,4
2788,2011,,1
2789,692,,3
2790,1229,,2
2791,1759,,5
2792,1865,,5
2793,1803,,1
2794,2193,,3
2795,2588,,4
2796,2874,,2
2797,3307,,5
2798,1346,,5
2799,1125,,1
2800,956,,1
2801,1200,,3
2802,1846,,5
2803,2070,,4
2804,239,,4
2805,3421,,4
2806,144,,1
2807,1374,,1
2808,1549,,1
2809,1183,,5
2810,747,,5
2811,1818,,5
2812,25,,1
2813,2547,,5
2814,2327,,5
2815,2641,,4
2816,2796,,3
2817,3040,,1
2818,507,,2
2819,2860,,2
2820,1932,,4
2821,423,,5
2822,3371,,3
2823,2781,,1
2824,921,,2
2825,3051,,4
2826,2504,,4
2827,1532,,1
2828,556,,2
2829,2505,,2
2830,3193,,1
2831,661,,2
2832,2,,5
2833,787,,1
2834,1010,,3
2835,1299,,4
2836,3345,,4
2837,3300,fecha_mala,2
2838,2298,,3
2839,745,,4
2840,726,,4
2841,280,,5
2842,2711,,2
2843,757,,1
2844,3076,,5
2845,2057,,4
2846,1669,,3
2847,3183,,3
2848,535,,5
2849,1589,,5
2850,886,,5
2851,621,,3
2852,3231,,4
2853,2074,,3
2854,552,,3
2855,368,,4
2856,1069,,1
2857,2856,,5
2858,499,,2
2859,2541,,3
2860,362,,4
2861,1154,,2
2862,1788,,2
2863,442,,1
2864,1359,,1
2865,918,,5
2866,159,,3
2867,4,,4
2868,498,,1
2869,2564,,5
2870,129,,2
2871,1732,,3
2872,85,,3
2873,739,,4
2874,612,,1
2875,1164,,5
2876,2547,,1
2877,1443,,4
2878,51,,2
2879,496,,5
2880,1043,,3
2881,954,,5
2882,1935,,5
2883,1202,,2
2884,2548,,2
2885,865,,1
2886,2322,,4
2887,345,,1
2888,3386,,1
2889,3380,,5
2890,945,,4
2891,803,,3
2892,1,,1
2893,3343,,5
2894,131,,5
2895,8,,1
2896,335,,4
2897,1011,,2
2898,3341,,4
2899,571,,2
2900,1953,,1
2901,2228,,4
2902,2738,,5
2903,2396,,4
2904,3374,,1
2905,2267,,3
2906,2892,,3
2907,1096,,4
2908,1397,,4
2909,2525,,5
2910,3000,,4
2911,18,,5
2912,1486,,5
2913,2748,,2
2914,391,,4
2915,1209,,1
2916,1878,,4
2917,284,,2
2918,3137,,2
2919,1260,,3
2920,2688,,2
2921,1464,,4
2922,1377,,3
2923,3309,,4
2924,2928,,3
2925,1767,,2
2926,1590,,4
2927,2675,,5
2928,2345,,3
2929,3354,,4
2930,1141,,4
2931,386,,1
2932,667,,1
2933,1808,,3
2934,1074,,2
2935,2772,,4
2936,2998,,5
2937,641,,4
2938,3390,,2
2939,2162,,2
2940,904,,1
2941,690,,1
2942,567,,4
2943,1614,,4
2944,244,,1
2945,450,,4
2946,2582,,3
2947,1675,,5
2948,1809,,4
2949,1113,,2
2950,1905,,3
2951,1175,,2
2952,155,,5
2953,1947,,3
2954,278,,5
2955,2360,,3
2956,3133,,3
2957,2287,,1
2958,1976,,5
2959,3303,,4
2960,751,,2
2961,2651,,5
2962,711,,2
2963,2,,1
2964,826,,4
2965,1721,,4
2966,219,,3
2967,955,,4
2968,171,,2
2969,834,,2
2970,2466,,2
2971,522,,2
2972,904,,2
2973,465,,1
2974,1317,,2
2975,2607,,3
2976,1841,,2
2977,686,,3
2978,1097,,5
2979,2295,,1
2980,1640,,5
2981,1576,,1
2982,2963,,3
2983,2806,,1
2984,837,,3
2985,2413,,5
2986,2711,,1
2987,3083,,3
2988,905,,3
2989,2494,,3
2990,641,,4
2991,1523,,2
2992,249,,4
2993,2069,,2
2994,2344,,2
2995,1531,,3
2996,1410,,5
2997,829,,3
2998,2639,,5
2999,3118,,1
3000,455,,1
3001,945,,3
3002,2067,,5
3003,1253,,2
3004,45,,2
3005,72,,1
3006,801,,5
3007,3315,,1
3008,2089,,4
3009,875,,2
3010,192,,3
3011,2590,,4
3012,1293,,3
3013,1349,,1
3014,1924,,3
3015,783,,1
3016,2492,,5
3017,1075,,5
3018,2417,,5
3019,1772,,3
3020,508,,3
3021,2136,,3
3022,258,,5
3023,2449,,4
3024,1290,,3
3025,2297,,5
3026,825,,3
3027,1395,,4
3028,1047,,2
3029,860,,3
3030,1174,,5
3031,185,,2
3032,1361,,4
3033,422,,2
3034,1777,,3
3035,311,,2
3036,32,,4
3037,1504,,4
3038,1021,,5
3039,3004,,2
3040,906,,1
3041,1368,,5
3042,810,,2
3043,3047,,4
3044,2702,,2
3045,590,,5
3046,861,,1
3047,639,,1
3048,518,,2
3049,825,,3
3050,2918,,4
3051,1572,,3
3052,1312,,2
3053,654,,1
3054,631,,5
3055,1902,,3
3056,2573,,5
3057,1911,,2
3058,2251,,2
3059,896,,2
3060,3238,,3
3061,2818,,1
3062,3007,,1
3063,2287,,4
3064,2379,,4
3065,243,,3
3066,552,,3
3067,454,,3
3068,1655,,3
3069,2014,,2
3070,407,,4
3071,2575,,1
3072,1882,,4
3073,2040,,4
3074,3140,,3
3075,2003,,2
3076,14,,5
3077,2634,,5
3078,3001,,5
3079,287,,1
3080,1848,,4
3081,1609,,1
3082,519,,1
3083,946,,1
3084,2932,,4
3085,1342,,4
3086,1839,,5
3087,2662,,4
3088,1535,,3
3089,3053,,1
3090,1712,,4
3091,3377,,5
3092,505,,2
3093,3042,,4
3094,387,,3
3095,2786,,3
3096,2266,,4
3097,1917,,2
3098,3016,,5
3099,2195,,5
3100,2379,,1
3101,2584,,3
3102,2880,,1
3103,796,,2
3104,2894,,2
3105,2018,,4
3106,110,,2
3107,3146,,2
3108,2641,,4
3109,3054,,4
3110,2645,,1
3111,1184,,2
3112,1199,,4
3113,947,,1
3114,1404,,3
3115,120,,3
3116,2554,,4
3117,2577,,4
3118,3379,,3
3119,1886,,3
3120,3384,,4
3121,719,,2
3122,1623,,3
3123,2680,,3
3124,2705,,2
3125,2650,,4
3126,1597,,4
3127,251,,5
3128,2966,,3
3129,1307,,4
3130,2226,,2
3131,457,,5
3132,3208,,5
3133,880,,3
3134,3416,,4
3135,2451,,3
3136,1131,,1
3137,1266,,5
3138,3355,,4
3139,2034,,3
3140,2372,,2
3141,2099,,4
3142,816,,3
3143,454,,5
3144,11,,2
3145,1387,,3
3146,2343,,1
3147,1033,,4
3148,762,,2
3149,1332,,1
3150,793,,3
3151,1490,,3
3152,1892,,2
3153,933,,5
3154,106,,1
3155,349,,2
3156,1427,,2
3157,608,,5
3158,2738,,2
3159,565,,2
3160,94,,3
3161,2122,,2
3162,2137,,2
3163,2302,,2
3164,543,,3
3165,2332,,4
3166,2956,,3
3167,2072,,5
3168,1339,,2
3169,1650,,5
3170,2782,,4
3171,491,,1
3172,2480,,4
3173,924,,5
3174,3007,,4
3175,479,,2
3176,1771,,3
3177,1372,,5
3178,1665,,2
3179,1310,,3
3180,129,,3
3181,2939,,5
3182,1829,,5
3183,2057,,4
3184,1788,,3
3185,1812,,3
3186,2077,,4
3187,1437,,1
3188,449,,3
3189,101,,2
3190,1850,,5
3191,638,,5
3192,1556,,2
3193,2073,,4
3194,2042,,3
3195,577,,5
3196,2263,,3
3197,3223,,4
3198,1238,,4
3199,406,,5
3200,1727,,4
3201,2113,,2
3202,1354,,4
3203,2053,,2
3204,2622,,4
3205,1980,,5
3206,2728,,3
3207,501,,5
3208,1004,,1
3209,1903,,3
3210,889,,5
3211,3406,,4
3212,2324,,2
3213,1411,,3
3214,2652,,1
3215,3368,,5
3216,38,,1
3217,1908,,3
3218,1464,,3
3219,2586,,4
3220,1054,,3
3221,1115,,1
3222,2626,,4
3223,3051,,5
3224,492,,4
3225,2106,,1
3226,2666,,1
3227,564,,2
3228,2266,,2
3229,3356,,1
3230,2888,,5
3231,666,,4
3232,3392,,4
3233,1223,,5
3234,1633,,5
3235,999,,1
3236,2396,,1
3237,431,,4
3238,2432,,5
3239,190,,4
3240,2893,,5
3241,1117,,4
3242,1775,,3
3243,781,,1
3244,369,,4
3245,80,,2
3246,3355,,2
3247,467,,5
3248,195,,4
3249,1760,,3
3250,3297,,4
3251,285,,4
3252,875,,3
3253,1904,,5
3254,1687,,1
3255,500,,3
3256,3257,,3
3257,1228,,1
3258,2318,,4
3259,1569,,1
3260,2006,,4
3261,3098,,4
3262,1117,,3
3263,2790,,2
3264,1002,,5
3265,1086,,4
3266,113,,1
3267,1188,,4
3268,2009,,1
3269,2192,,4
3270,1474,,2
3271,1222,,4
3272,769,,5
3273,3097,,4
3274,1316,,4
3275,1048,,4
3276,3223,,4
3277,2182,,5
3278,2906,,5
3279,1332,,4
3280,1475,,3
3281,2499,,2
3282,3357,,2
3283,2702,,4
3284,1583,,4
3285,2048,,3
3286,1196,,3
3287,1563,,4
3288,1329,,3
3289,341,,1
3290,2996,,1
3291,469,,2
3292,918,,2
3293,868,,4
3294,761,,3
3295,1705,,3
3296,3290,,1
3297,1125,,1
3298,2515,,5
3299,2510,,5
3300,2616,,1
3301,2133,,3
3302,2536,,5
3303,2608,,4
3304,2339,,1
3305,1913,,3
3306,313,,5
3307,1741,,2
3308,2582,,3
3309,1172,,2
3310,853,,1
3311,2036,,5
3312,454,,99
3313,2463,,3
3314,3367,,2
3315,1659,,4
3316,96,,4
3317,930,,3
3318,109,,1
3319,1574,,2
3320,1062,,2
3321,2649,,4
3322,2892,,4
3323,1490,,1
3324,3350,,4
3325,1540,,3
3326,406,,3
3327,3111,,5
3328,1355,,1
3329,3033,,4
3330,2515,,3
3331,3219,,2
3332,2211,,2
3333,2031,,1
3334,800,,4
3335,957,,4
3336,1128,,2
3337,1061,,2
3338,2036,,5
3339,2980,,4
3340,122,,3
3341,2119,,1
3342,2597,,3
3343,1519,,2
3344,944,,5
3345,1481,,1
3346,2838,,5
3347,3133,,5
3348,2342,,4
3349,1664,,3
3350,2211,,3
3351,2319,,5
3352,2629,,5
3353,496,,5
3354,258,,1
3355,1184,,3
3356,891,,4
3357,2106,,1
3358,1787,,4
3359,3146,,2
3360,2662,,3
3361,506,,5
3362,2909,,5
3363,2640,,2
3364,1309,,4
3365,199,,1
3366,2719,,4
3367,662,,1
3368,755,,5
3369,1612,fecha_mala,2
3370,283,,4
3371,1368,,4
3372,845,,2
3373,182,,5
3374,3094,,1
3375,894,,5
3376,1864,,3
3377,2798,,3
3378,1649,,2
3379,1004,,1
3380,2546,,4
3381,2371,,4
3382,35,,5
3383,2806,,5
3384,406,,2
3385,2527,,3
3386,342,,5
3387,225,,3
3388,417,,4
3389,2537,,4
3390,1554,,5
3391,2061,,2
3392,962,,1
3393,411,,5
3394,2692,,3
3395,2853,,1
3396,2874,,4
3397,223,,5
3398,3168,,4
3399,1856,,2
3400,672,,5
3401,681,,1
3402,1723,,5
3403,2068,,1
3404,167,,2
3405,1700,,2
3406,822,,3
3407,3144,,1
3408,2107,,4
3409,1274,,1
3410,1447,,1
3411,2868,,1
3412,2366,,5
3413,1328,,1
3414,2875,,4
3415,2130,,4
3416,204,,5
3417,2160,,3
3418,3215,,5
3419,2957,,3
3420,146,,1
3421,3021,,5
3422,3363,,3
3423,558,,1
3424,2184,,4
3425,2586,,2
3426,149,,5
3427,2835,,1
3428,1349,,4
3429,1026,,5
3430,885,,1
3431,1732,,3
3432,2736,,4
3433,2814,,5
3434,773,,2
3435,2833,,3
3436,2830,,3
3437,211,,2
3438,1070,,5
3439,52,,4
3440,3388,,1
3441,1618,,5
3442,927,,1
3443,3063,,5
3444,2346,,3
3445,3221,,4
3446,2741,,5
3447,3273,,5
3448,742,,1
3449,699,,3
3450,260,,1
3451,1175,,4
3452,1889,,3
3453,1936,,5
3454,2319,,4
3455,2512,,3
3456,2800,,0
3457,1781,,2
3458,935,,5
3459,1505,,1
3460,2988,,5
3461,2795,,4
3462,3137,,3
3463,1851,,3
3464,2669,,1
3465,1415,,2
3466,27,,3
3467,2548,,3
3468,299,,2
3469,2176,,5
3470,3418,,3
3471,88,,2
3472,2514,,4
3473,2974,,1
3474,2147,,1
3475,2364,,2
3476,3088,,1
3477,2662,,2
3478,136,,1
3479,2652,,4
3480,2595,,1
3481,782,,2
3482,2243,,2
3483,2884,,3
3484,2906,,3
3485,2983,,4
3486,2665,,4
3487,419,,2
3488,1661,,1
3489,799,,99
3490,244,,2
3491,903,,3
3492,3115,,5
3493,2049,,4
3494,2615,,3
3495,1723,,2
3496,1221,,5
3497,1654,,1
3498,3370,,3
3499,983,,2
3500,1066,,1
3501,2902,,2
3502,1270,,1
3503,3096,,1
3504,3339,,4
3505,227,,4
3506,2289,,5
3507,323,,1
3508,3012,,3
3509,395,,4
3510,3041,,3
3511,2636,,1
3512,1838,,3
3513,713,,1
3514,915,,1
3515,1477,,4
3516,2903,,1
3517,3075,,2
3518,1719,fecha_mala,5
3519,798,,5
3520,1933,,1
3521,2849,,3
3522,1855,,2
3523,3050,,4
3524,33,,4
3525,1720,,1
3526,158,,3
3527,2096,,2
3528,2112,,5
3529,1070,,2
3530,2721,,1
3531,3259,,4
3532,1566,,5
3533,1490,,5
3534,653,,1
3535,97,,4
3536,1393,,2
3537,1513,,1
3538,2632,,3
3539,2953,,5
3540,373,,5
3541,523,,4
3542,1919,,3
3543,1287,,3
3544,2406,,2
3545,1105,,1
3546,1425,,3
3547,1522,,1
3548,2060,,1
3549,239,,4
3550,3026,,5
3551,1161,,4
3552,729,,5
3553,2194,,3
3554,463,,4
3555,2022,,2
3556,209,,3
3557,904,,1
3558,2488,,4
3559,1274,,3
3560,3085,,3
3561,1219,,5
3562,2365,,1
3563,103,,3
3564,3345,,2
3565,2110,,4
3566,2426,,4
3567,1114,,4
3568,989,,5
3569,1496,,2
3570,876,,2
3571,72,,2
3572,2284,,5
3573,2455,,3
3574,2315,,4
3575,1898,,2
3576,1795,,5
3577,3376,,3
3578,1805,,5
3579,2418,,3
3580,1427,,1
3581,114,,2
3582,1199,,3
3583,2471,,1
3584,2172,,4
3585,2376,,2
3586,2561,,5
3587,748,,5
3588,2786,,1
3589,2447,,2
3590,1055,,4
3591,1726,,5
3592,2938,,5
3593,573,,1
3594,1037,,2
3595,658,,1
3596,1045,,2
3597,701,,4
3598,2761,,2
3599,3395,,4
3600,3321,,2
3601,1227,,3
3602,3193,,3
3603,281,,2
3604,381,,1
3605,1115,,2
3606,989,,4
3607,3143,,4
3608,2603,,1
3609,2581,,2
3610,2762,,5
3611,2484,,5
3612,1728,,1
3613,202,,4
3614,56,,4
3615,3342,,1
3616,1719,,2
3617,3265,,1
3618,107,,4
3619,2179,,5
3620,964,,1
3621,1248,,2
3622,2250,,3
3623,1697,,1
3624,462,,2
3625,3424,,2
3626,2441,,1
3627,1236,,4
3628,2129,,4
3629,519,,1
3630,1472,,1
3631,1456,,1
3632,1275,,5
3633,1657,,3
3634,3133,,3
3635,24,,1
3636,1895,,1
3637,3222,,5
3638,3045,,5
3639,3075,,3
3640,1413,,1
3641,1943,,1
3642,2037,,5
3643,2870,,3
3644,3270,,2
3645,873,,1
3646,425,,3
3647,908,,5
3648,901,,5
3649,1029,,4
3650,3140,,1
3651,738,,4
3652,1446,,4
3653,1226,,5
3654,932,,1
3655,673,,5
3656,3416,,4
3657,2146,,4
3658,351,,1
3659,2244,,5
3660,2095,,1
3661,1231,,2
3662,2700,,1
3663,2749,,2
3664,2695,,4
3665,2190,,5
3666,1514,,5
3667,709,,1
3668,151,,5
3669,3146,,1
3670,2881,,4
3671,690,,1
3672,2750,,5
3673,164,,2
3674,814,,5
3675,515,,3
3676,1167,,3
3677,1095,,3
3678,1756,,2
3679,1572,,3
3680,391,,4
3681,514,,1
3682,2811,,1
3683,1878,,3
3684,3159,,5
3685,448,,2
3686,1056,,3
3687,541,,5
3688,3165,,2
3689,545,,2
3690,2743,,5
3691,659,,3
3692,2493,,1
3693,1560,,2
3694,3320,,5
3695,240,,5
3696,1112,,5
3697,2477,,3
3698,3137,,4
3699,1847,,1
3700,338,,4
3701,2156,,3
3702,1638,,1
3703,2654,,5
3704,1891,,3
3705,3076,,5
3706,421,,5
3707,2137,,3
3708,2526,,1
3709,1391,,1
3710,1628,,2
3711,2382,,2
3712,1561,,2
3713,1345,,5
3714,1992,,4
3715,2753,,1
3716,462,,4
3717,2994,,1
3718,686,,1
3719,335,,4
3720,619,,2
3721,263,,3
3722,3261,,5
3723,1000,,2
3724,2649,,1
3725,625,,5
3726,1813,,2
3727,1459,,4
3728,2259,,1
3729,3386,,1
3730,2227,,4
3731,2405,,5
3732,899,,1
3733,418,,5
3734,297,,2
3735,1029,,5
3736,1901,,3
3737,207,,4
3738,901,,1
3739,2163,,1
3740,2992,,5
3741,3390,,1
3742,809,,5
3743,350,,1
3744,1963,,4
3745,3214,,2
3746,1439,,3
3747,3097,,4
3748,2545,,1
3749,3079,,2
3750,3257,,3
3751,368,,2
3752,1410,,2
3753,172,,1
3754,152,,4
3755,1628,,1
3756,2266,,1
3757,3035,,2
3758,443,,4
3759,114,,1
3760,358,,2
3761,3175,,1
3762,2266,,3
3763,1649,,1
3764,353,,1
3765,1271,,2
3766,442,,2
3767,104,,1
3768,1504,,3
3769,1722,,3
3770,1550,,3
3771,2985,,3
3772,3130,,5
3773,417,,2
3774,946,,2
3775,1716,,3
3776,1374,,1
3777,1493,,5
3778,2424,,3
3779,617,,4
3780,2833,,2
3781,907,,4
3782,1196,,5
3783,760,,3
3784,2162,,2
3785,2383,,4
3786,2138,,5
3787,1691,,4
3788,1039,,4
3789,2356,,3
3790,407,,1
3791,1069,,4
3792,2338,,3
3793,2371,,2
3794,919,,3
3795,1169,,1
3796,1091,,3
3797,3038,,3
3798,1961,,2
3799,407,,4
3800,551,,3
3801,237,,2
3802,828,,4
3803,762,,1
3804,1528,,3
3805,2560,,1
3806,3009,,4
3807,1913,,1
3808,2645,,5
3809,2244,,1
3810,1088,,3
3811,2097,,6
3812,1035,,3
3813,1058,,2
3814,3382,,2
3815,3120,,5
3816,2238,,1
3817,2032,,4
3818,2348,,2
3819,2579,,1
3820,189,,3
3821,1228,,1
3822,360,,4
3823,1813,,4
3824,1009,,2
3825,1131,,4
3826,2884,,4
3827,699,,4
3828,3120,,1
3829,1442,,1
3830,655,,1
3831,491,,5
3832,2447,,2
3833,3092,,3
3834,2994,,3
3835,584,,5
3836,3011,,1
3837,773,,4
3838,1572,,1
3839,20,,5
3840,887,,3
3841,1096,,2
3842,3276,,3
3843,954,,4
3844,948,,3
3845,937,,1
3846,866,,2
3847,1850,,5
3848,705,,2
3849,996,,3
3850,1824,,1
3851,2591,,1
3852,368,,2
3853,1194,,5
3854,1955,,3
3855,3140,,2
3856,3233,,3
3857,2988,,5
3858,1730,,5
3859,337,,2
3860,3307,,5
3861,2129,,5
3862,3103,,1
3863,3154,,5
3864,2714,,2
3865,1440,,4
3866,2083,,5
3867,2367,,3
3868,3017,,2
3869,775,,5
3870,1901,,3
3871,2041,,4
3872,710,,4
3873,1377,,2
3874,3169,,3
3875,56,,2
3876,1721,,1
3877,2087,,4
3878,3110,,2
3879,971,,3
3880,1347,,1
3881,276,,4
3882,1150,,1
3883,3416,,2
3884,2624,,1
3885,1468,,5
3886,2173,,4
3887,3304,,4
3888,1507,,3
3889,1010,,5
3890,3010,,1
3891,2913,,3
3892,1770,,1
3893,41,,4
3894,44,,5
3895,403,,4
3896,2375,,1
3897,602,,4
3898,217,,2
3899,2336,,2
3900,1648,,3
3901,1818,,3
3902,658,,1
3903,736,,3
3904,829,,1
3905,2206,,4
3906,3356,,1
3907,3137,,5
3908,389,,5
3909,2328,,4
3910,2596,,4
3911,139,,3
3912,2184,,3
3913,1523,,3
3914,669,,5
3915,2705,,1
3916,3204,,3
3917,2050,,3
3918,690,,2
3919,1469,,3
3920,1766,,3
3921,3091,,1
3922,2708,,3
3923,2298,,1
3924,2616,,2
3925,2378,,2
3926,1095,,4
3927,458,,5
3928,2875,,1
3929,1897,,2
3930,3296,,1
3931,2333,,3
3932,1624,,2
3933,2216,,3
3934,2235,,1
3935,3362,,5
3936,1249,,5
3937,1303,,5
3938,1213,,3
3939,370,,4
3940,1609,,1
3941,1526,,4
3942,676,,4
3943,2793,,4
3944,2362,,4
3945,828,,1
3946,568,,3
3947,2117,,3
3948,18,,3
3949,518,,3
3950,1506,,4
3951,3393,,3
3952,262,,2
3953,1811,,4
3954,1927,,3
3955,863,,1
3956,1783,,4
3957,2173,,3
3958,471,,5
3959,3269,,2
3960,843,,5
3961,1263,,3
3962,84,,5
3963,2033,,1
3964,2035,,1
3965,398,,2
3966,1004,,5
3967,2627,,3
3968,2442,,4
3969,1053,,1
3970,2158,,2
3971,2559,,2
3972,1280,,5
3973,602,,1
3974,75,,5
3975,3271,,2
3976,1097,,4
3977,2762,,2
3978,1113,,1
3979,2440,,4
3980,1140,,1
3981,2081,,1
3982,3266,,5
3983,2582,,2
3984,564,,5
3985,1794,,2
3986,925,,2
3987,752,,3
3988,2851,,2
3989,3366,,5
3990,3169,,4
3991,2874,,4
3992,1604,,1
3993,1803,,2
3994,1850,,3
3995,2522,,3
3996,182,,5
3997,2832,,4
3998,2768,,2
3999,3409,,3
4000,2037,,4
4001,1567,,3
4002,1641,,3
4003,2125,,4
4004,1037,,2
4005,2661,,1
4006,1520,,3
4007,966,,2
4008,2519,,3
4009,1154,,5
4010,277,,4
4011,1789,,4
4012,1736,,3
4013,999,,5
4014,119,,5
4015,1630,,4
4016,2645,,1
4017,2746,,2
4018,723,,5
4019,1474,,1
4020,3095,,3
4021,1181,,4
4022,1631,,2
4023,2328,,4
4024,1567,,1
4025,2882,,2
4026,1235,,2
4027,1686,,1
4028,1769,,3
4029,2550,,3
4030,1158,,5
4031,944,,3
4032,1233,,4
4033,797,,1
4034,670,,1
4035,2806,,2
4036,1183,,2
4037,925,,5
4038,2781,,3
4039,2701,,3
4040,842,,5
4041,1045,,5
4042,2813,,4
4043,952,,3
4044,2950,,2
4045,2116,,1
4046,2283,,1
4047,1829,,5
4048,106,,1
4049,2825,,3
4050,1922,,3
4051,593,,3
4052,2854,,1
4053,1006,,3
4054,1253,,2
4055,2189,,2
4056,969,,5
4057,23,fecha_mala,3
4058,1101,,3
4059,2340,,1
4060,1450,,5
4061,2440,,3
4062,241,,4
4063,882,,3
4064,815,,2
4065,220,,2
4066,2216,,1
4067,721,,5
4068,1619,,3
4069,3393,,2
4070,848,,4
4071,667,,1
4072,3189,,3
4073,1225,,3
4074,1013,,5
4075,2465,,4
4076,443,,4
4077,1296,,2
4078,683,,3
4079,3055,,5
4080,1016,,1
4081,1942,,4
4082,1790,,2
4083,1688,,4
4084,228,,3
4085,900,,4
4086,2929,,2
4087,1878,,5
4088,3006,,5
4089,1917,,4
4090,1091,,3
4091,1183,,1
4092,2656,,2
4093,815,,2
4094,2054,,4
4095,3205,,5
4096,2896,,4
4097,1327,,5
4098,949,,1
4099,2130,,4
4100,2091,,3
4101,2475,,1
4102,249,,4
4103,1850,,5
4104,33,,3
4105,3395,,2
4106,2996,,2
4107,2534,,4
4108,1009,,4
4109,2557,,2
4110,1526,,4
4111,2223,,4
4112,794,,1
4113,1626,,2
4114,3004,,2
4115,651,,4
4116,1318,,4
4117,999,,3
4118,614,,2
4119,1361,,3
4120,2083,,5
4121,188,,5
4122,704,,1
4123,2799,,3
4124,893,,4
4125,1150,,2
4126,2305,,5
4127,2557,,3
4128,3286,,2
4129,544,,5
4130,2586,,4
4131,2479,,1
4132,426,,1
4133,3003,,5
4134,1071,,4
4135,1450,,5
4136,2728,,5
4137,1795,,4
4138,943,,5
4139,1103,,5
4140,2535,,3
4141,628,,4
4142,1616,,5
4143,2561,,5
4144,3030,,5
4145,2830,,5
4146,1231,,2
4147,681,,3
4148,3201,,5
4149,2047,,1
4150,1396,,1
4151,3090,,4
4152,2488,,5
4153,1633,,3
4154,669,,5
4155,280,,2
4156,1818,,3
4157,392,,5
4158,1063,,2
4159,2334,,5
4160,44,,5
4161,3389,,4
4162,1498,,1
4163,2981,,5
4164,591,,3
4165,1579,,2
4166,3284,,3
4167,2166,,3
4168,2770,,2
4169,2347,,4
4170,2533,,1
4171,1248,,4
4172,1553,,2
4173,170,,4
4174,888,,5
4175,221,,3
4176,1111,fecha_mala,5
4177,2487,,2
4178,700,,5
4179,1639,,3
4180,1891,,3
4181,562,,1
4182,2779,,4
4183,2642,,4
4184,642,,3
4185,124,,1
4186,16,,4
4187,1004,,4
4188,431,,5
4189,60,,5
4190,1579,,2
4191,1799,,2
4192,64,,5
4193,2051,,1
4194,1382,,5
4195,687,,1
4196,381,,3
4197,2601,,1
4198,370,,5
4199,687,,3
4200,2441,,5
4201,2157,,1
4202,3424,,1
4203,139,,3
4204,667,,1
4205,2267,,3
4206,787,,4
4207,1305,,3
4208,1016,,4
4209,2769,,1
4210,2689,,2
4211,2760,,1
4212,1733,,3
4213,1671,,2
4214,1955,,3
4215,231,,1
4216,1872,,3
4217,948,,4
4218,3211,,1
4219,631,,4
4220,120,,2
4221,3300,,5
4222,541,,5
4223,1773,,3
4224,1309,,1
4225,923,,2
4226,1672,,4
4227,2509,,2
4228,391,,4
4229,2266,,5
4230,3060,,5
4231,995,,2
4232,2322,,5
4233,3153,,2
4234,3193,,5
4235,2220,,1
4236,3223,,3
4237,2663,,4
4238,1756,,1
4239,431,,3
4240,2922,,2
4241,982,,5
4242,2524,,3
4243,2209,,1
4244,1235,,1
4245,2654,,1
4246,2252,,1
4247,2554,,3
4248,3264,,2
4249,942,,2
4250,2617,,2
4251,137,,3
4252,2430,,3
4253,533,,3
4254,760,,5
4255,670,,2
4256,2847,,2
4257,1281,,3
4258,1335,,1
4259,1238,,4
4260,2138,,3
4261,3138,,2
4262,2322,,2
4263,347,,3
4264,1765,,5
4265,369,,2
4266,568,,3
4267,674,,1
4268,2389,,2
4269,2999,,4
4270,847,,4
4271,3228,,5
4272,909,,3
4273,1052,,5
4274,435,,3
4275,160,,1
4276,2124,,1
4277,1396,,3
4278,403,,2
4279,1935,,1
4280,1183,,1
4281,1346,,4
4282,3047,,4
4283,1382,,2
4284,1552,,2
4285,2354,,3
4286,3064,,1
4287,2529,,5
4288,1688,,3
4289,1047,,2
4290,613,,3
4291,424,,1
4292,2600,,2
4293,2524,,3
4294,1211,,5
4295,3216,,5
4296,3310,,4
4297,2127,,2
4298,898,,5
4299,1735,,1
4300,2816,,2
4301,1737,,3
4302,1692,,3
4303,1825,,4
4304,2885,,3
4305,1407,,5
4306,627,,3
4307,1760,,4
4308,2171,,1
4309,3202,,1
4310,388,,2
4311,3229,,1
4312,2759,,5
4313,2434,,4
4314,808,,5
4315,707,,2
4316,1465,,1
4317,626,,2
4318,2247,,1
4319,2577,,0
4320,1638,,1
4321,2370,,2
4322,2668,,4
4323,3127,,5
4324,2357,,2
4325,801,,5
4326,447,,4
4327,3221,,1
4328,2650,,1
4329,2910,,1
4330,1451,,4
4331,540,,4
4332,2048,,5
4333,2192,,3
4334,742,,1
4335,1610,,5
4336,1450,,5
4337,890,,4
4338,2799,,5
4339,1664,,2
4340,3173,,3
4341,5,,3
4342,3216,,2
4343,2267,,5
4344,2398,,3
4345,986,,5
4346,271,,2
4347,793,,3
4348,1517,,5
4349,1158,,1
4350,662,,3
4351,44,,4
4352,2390,,4
4353,2285,,4
4354,553,,4
4355,2683,,1
4356,3349,,2
4357,3425,,4
4358,667,,3
4359,1464,,2
4360,181,,5
4361,43,,2
4362,2890,,2
4363,3316,,3
4364,693,,2
4365,1589,,3
4366,83,,5
4367,2794,,5
4368,1878,,2
4369,1001,,2
4370,3320,,5
4371,466,,3
4372,917,,1
4373,2561,,3
4374,1400,,4
4375,2400,,3
4376,813,,4
4377,2255,,4
4378,1912,,1
4379,162,,5
4380,1106,,1
4381,1019,,1
4382,2026,,2
4383,1502,,1
4384,1638,,4
4385,581,,3
4386,3182,,2
4387,2568,,5
4388,2295,,2
4389,945,,5
4390,2338,,3
4391,805,,4
4392,1667,,5
4393,919,,2
4394,1039,,1
4395,2225,,4
4396,1076,,4
4397,2501,,1
4398,1727,,5
4399,3361,,4
4400,658,,3
4401,3237,,1
4402,454,,5
4403,1883,,3
4404,1276,,3
4405,2577,,1
4406,447,,4
4407,873,,5
4408,791,,4
4409,3154,,2
4410,1833,,1
4411,563,,3
4412,2707,,3
4413,979,,2
4414,770,,4
4415,1694,,5
4416,2712,,1
4417,2876,,2
4418,54,,3
4419,3076,,1
4420,3415,,4
4421,1100,,1
4422,1771,,1
4423,1290,,2
4424,1630,,3
4425,2235,,4
4426,2229,,1
4427,1626,,4
4428,1628,,1
4429,1674,,5
4430,1398,,3
4431,422,,4
4432,1271,,1
4433,2451,,4
4434,3350,,3
4435,2784,,3
4436,2951,,1
4437,2683,,4
4438,1721,,5
4439,2336,,5
4440,2865,,5
4441,764,,4
4442,511,,2
4443,913,,2
4444,1814,,1
4445,2693,,2
4446,1542,,2
4447,3367,,4
4448,1113,,1
4449,1583,,5
4450,3146,,4
4451,585,,4
4452,2852,,3
4453,518,,2
4454,3107,,3
4455,1108,,4
4456,2176,,5
4457,2438,,4
4458,1289,,5
4459,1885,,3
4460,2593,,3
4461,3000,,4
4462,372,,4
4463,1697,,2
4464,2922,,3
4465,1904,,3
4466,99,,4
4467,430,,2
4468,2803,,1
4469,1450,,5
4470,2411,,2
4471,3058,,1
4472,303,,2
4473,1559,,5
4474,504,,1
4475,2885,,4
4476,1550,,3
4477,3003,,4
4478,1028,,4
4479,498,,2
4480,2971,,2
4481,2101,,4
4482,661,,5
4483,2378,,5
4484,1429,,2
4485,160,,2
4486,893,,5
4487,2570,,4
4488,436,,1
4489,1157,,4
4490,890,,2
4491,2511,,1
4492,2946,,1
4493,2698,,2
4494,2451,,2
4495,307,,4
4496,3132,,1
4497,555,,1
4498,1389,,4
4499,2836,,3
4500,824,,2
4501,743,,1
4502,91,,1
4503,1227,,2
4504,1696,,2
4505,1601,,3
4506,137,,4
4507,703,,1
4508,15,,3
4509,771,,3
4510,2072,,1
4511,30,,3
4512,565,,1
4513,1864,,2
4514,1918,,4
4515,3070,,2
4516,1965,,4
4517,3172,,1
4518,2480,,3
4519,1886,,5
4520,1313,,3
4521,382,,5
4522,2416,,2
4523,3213,,1
4524,1254,,3
4525,1218,,2
4526,335,,4
4527,2047,,2
4528,1062,,4
4529,35,,1
4530,26,,2
4531,1150,,2
4532,1584,,4
4533,1566,,2
4534,2536,,3
4535,1809,,2
4536,2688,,4
4537,1018,,2
4538,795,,4
4539,1848,,1
4540,362,,4
4541,2619,,4
4542,636,,1
4543,3135,,1
4544,3370,,2
4545,1841,,5
4546,1069,,2
4547,1160,,3
4548,1471,,3
4549,1642,,2
4550,260,,3
4551,677,,1
4552,2704,,4
4553,181,,1
4554,1537,,3
4555,2997,,2
4556,300,,3
4557,3170,,3
4558,1620,,4
4559,1451,,4
4560,2443,,2
4561,2662,,3
4562,1621,,2
4563,285,,2
4564,3318,,2
4565,31,,3
4566,2986,,4
4567,1487,,4
4568,1764,,1
4569,2621,,1
4570,3222,,2
4571,516,,3
4572,2780,,2
4573,2265,,5
4574,1262,,3
4575,1459,,5
4576,2643,,5
4577,480,,1
4578,1733,,5
4579,2474,,1
4580,1847,,1
4581,1534,,3
4582,1784,,3
4583,1752,,4
4584,2753,,1
4585,2812,,1
4586,3147,,4
4587,248,,3
4588,1095,,2
4589,3003,,1
4590,2199,,2
4591,1291,,2
4592,2153,,3
4593,1587,,5
4594,3040,,3
4595,1912,,3
4596,1532,,5
4597,2136,,1
4598,652,,1
4599,2640,,5
4600,696,,5
4601,82,,3
4602,176,,2
4603,227,,1
4604,345,,1
4605,174,,5
4606,1032,,4
4607,3291,,5
4608,352,,3
4609,2316,,4
4610,2984,,5
4611,2772,,2
4612,1240,,3
4613,181,,2
4614,1263,,3
4615,2061,,2
4616,2595,,2
4617,486,,2
4618,1033,,5
4619,2061,,2
4620,2450,,4
4621,1065,,3
4622,2817,,4
4623,2747,,1
4624,1234,,4
4625,1837,,4
4626,1637,,1
4627,2291,,2
4628,1104,,5
4629,1129,,2
4630,1450,,3
4631,740,,5
4632,1990,,5
4633,3282,,2
4634,1198,,4
4635,2949,,5
4636,1590,,3
4637,568,,5
4638,1700,,4
4639,1711,,4
4640,84,,4
4641,1642,,1
4642,561,,1
4643,2721,,5
4644,1855,,4
4645,1042,,5
4646,10,,3
4647,1956,,2
4648,2412,,5
4649,1453,,5
4650,3102,,5
4651,673,,5
4652,2585,,1
4653,1698,,5
4654,1076,,1
4655,988,,4
4656,1541,,1
4657,276,,1
4658,2229,,4
4659,1401,,2
4660,2331,,5
4661,1765,,2
4662,3348,,4
4663,284,,4
4664,1689,,5
4665,1837,,5
4666,855,,3
4667,2303,,2
4668,1241,,3
4669,2616,,4
4670,3160,,5
4671,2924,,1
4672,2168,,1
4673,2459,,3
4674,2961,,3
4675,3359,,5
4676,2480,,2
4677,3127,,1
4678,3307,,1
4679,603,,5
4680,1717,,4
4681,1225,,5
4682,3254,,2
4683,2549,,1
4684,3035,,3
4685,1198,,1
4686,2888,,1
4687,279,,5
4688,3217,,2
4689,788,,1
4690,1800,,2
4691,2454,,2
4692,2545,,5
4693,727,,4
4694,1903,,3
4695,1818,,3
4696,2659,,4
4697,1099,,1
4698,2616,,3
4699,2111,,2
4700,2598,,1
4701,2998,,3
4702,1468,,4
4703,1481,,4
4704,2728,,1
4705,2678,,2
4706,3002,,2
4707,1886,,1
4708,2180,,3
4709,203,,3
4710,1558,,4
4711,844,,4
4712,2923,,5
4713,420,,3
4714,2667,,2
4715,2867,,3
4716,1609,,4
4717,2289,,2
4718,1987,,3
4719,2361,,5
4720,2349,,4
4721,867,,4
4722,2358,,5
4723,3089,,1
4724,1066,,3
4725,1050,,2
4726,1003,,2
4727,3123,,4
4728,3040,,4
4729,1192,,3
4730,3210,,3
4731,2609,,3
4732,1378,,5
4733,2827,,1
4734,3129,,3
4735,2975,,1
4736,1613,,5
4737,743,,2
4738,573,,1
4739,2834,,5
4740,2511,,4
4741,2428,,5
4742,158,,2
4743,3307,,2
4744,391,,4
4745,1989,,5
4746,3223,,5
4747,830,,2
4748,1773,,4
4749,2878,,5
4750,913,,4
4751,349,,4
4752,1646,,1
4753,2723,,4
4754,1981,,1
4755,1517,,3
4756,2189,,3
4757,178,,1
4758,1193,,3
4759,3008,,2
4760,1327,,1
4761,3306,,4
4762,1883,,4
4763,3199,,5
4764,2147,,4
4765,1435,,1
4766,3156,,1
4767,925,,5
4768,1344,,1
4769,2475,,2
4770,2996,,2
4771,663,,1
4772,3402,,4
4773,1475,,4
4774,1162,,5
4775,441,,3
4776,94,,3
4777,1910,,2
4778,2070,,1
4779,322,,5
4780,3095,,5
4781,1863,,5
4782,183,,1
4783,2882,,0
4784,676,,4
4785,2305,,5
4786,2316,,3
4787,2776,,1
4788,2774,,5
4789,3376,,1
4790,297,,4
4791,1250,,2
4792,1246,,1
4793,1289,,3
4794,818,,2
4795,802,,3
4796,3305,,1
4797,3079,,4
4798,2338,,2
4799,1901,,1
4800,1630,,2
4801,2337,,1
4802,2954,,3
4803,1460,,3
4804,1842,,4
4805,3125,,5
4806,3122,,1
4807,788,,1
4808,818,,3
4809,700,,1
4810,94,,5
4811,2379,,5
4812,1469,,3
4813,109,,5
4814,700,,3
4815,1823,,3
4816,2863,,4
4817,2271,,3
4818,1826,,4
4819,639,,2
4820,989,,3
4821,2679,,5
4822,2650,,5
4823,2974,,1
4824,1805,,1
4825,936,,3
4826,1723,,1
4827,3070,,4
4828,620,,3
4829,2901,,5
4830,3409,,1
4831,2809,,1
4832,2258,,2
4833,1402,,1
4834,2928,,1
4835,551,,4
4836,2603,,4
4837,1376,,4
4838,1723,,3
4839,1587,,2
4840,34,,5
4841,3380,,5
4842,2284,,2
4843,2056,,5
4844,346,,4
4845,2668,,2
4846,3294,,2
4847,2791,,3
4848,854,,1
4849,622,,2
4850,1259,,4
4851,78,,3
4852,1890,,1
4853,1570,,1
4854,1722,,4
4855,3391,,5
4856,2244,,4
4857,1428,,1
4858,2684,,4
4859,1267,,2
4860,2595,,3
4861,3195,,3
4862,3111,,5
4863,1778,,5
4864,1610,,1
4865,1362,,1
4866,1830,,5
4867,3207,,2
4868,2994,,1
4869,2078,,1
4870,967,,3
4871,1290,,5
4872,843,,5
4873,639,,4
4874,32,,2
4875,2651,,4
4876,2530,,5
4877,614,,3
4878,2355,,3
4879,567,,3
4880,948,,5
4881,886,,4
4882,445,,1
4883,2497,,5
4884,146,,3
4885,1389,,3
4886,1671,,1
4887,1977,,4
4888,663,,1
4889,1615,,1
4890,2718,,4
4891,1282,,2
4892,3254,,4
4893,1473,,2
4894,2661,,4
4895,391,,4
4896,2917,,4
4897,1644,,4
4898,3394,,4
4899,2400,,2
4900,2538,,3
4901,509,,1
4902,1944,,2
4903,2528,,3
4904,2775,,4
4905,1289,,5
4906,1932,,4
4907,594,,1
4908,1482,,2
4909,1630,,3
4910,112,,3
4911,3140,,5
4912,2203,,1
4913,627,,3
4914,3074,,4
4915,2369,,3
4916,2375,,2
4917,3196,,1
4918,1385,,4
4919,1217,,4
4920,2113,,4
4921,3044,,5
4922,2785,,5
4923,2695,,1
4924,2618,,3
4925,120,,2
4926,1683,,5
4927,1219,,1
4928,1239,,4
4929,2932,,2
4930,1360,,1
4931,2867,,3
4932,3110,,2
4933,1559,,4
4934,582,,2
4935,2393,,1
4936,2956,,1
4937,1391,,1
4938,669,,3
4939,1783,,2
4940,3360,,1
4941,1771,,2
4942,1536,,5
4943,1507,,5
4944,2512,,2
4945,1168,,3
4946,2499,,1
4947,3379,,3
4948,2646,,4
4949,3181,,1
4950,2704,,5
4951,2890,,5
4952,134,,5
4953,1209,,2
4954,937,,5
4955,2957,,1
4956,787,,5
4957,3315,,1
4958,2393,fecha_mala,2
4959,425,,5
4960,2341,,3
4961,1174,,2
4962,1018,,2
4963,3405,,2
4964,2718,,5
4965,2615,,3
4966,1068,,1
4967,2270,,1
4968,1175,,3
4969,2066,,1
4970,1367,,2
4971,2088,,4
4972,2551,,5
4973,1080,,1
4974,41,,2
4975,332,,2
4976,3105,,5
4977,3286,,4
4978,2371,,5
4979,367,,4
4980,2010,,1
4981,1482,,5
4982,813,,4
4983,1300,,4
4984,2691,,2
4985,3413,,4
4986,2990,,3
4987,699,,6
4988,1718,,2
4989,1810,,4
4990,1002,,4
4991,1491,,2
4992,1304,,2
4993,239,,2
4994,1426,,4
4995,1248,,2
4996,1048,,4
4997,2103,,2
4998,2440,,2
4999,161,,1
5000,1172,,1
5001,106,,1
5002,2813,,1
5003,3176,,5
5004,1589,,2
5005,3237,,3
5006,2155,,5
5007,2977,,3
5008,3247,,2
5009,2011,,4
5010,1528,,4
5011,2542,,1
5012,584,,5
5013,1017,,1
5014,1884,,2
5015,690,,5
5016,1702,,3
5017,2932,,3
5018,2681,,5
5019,3053,,3
5020,2947,,4
5021,1139,,3
5022,2441,,1
5023,1275,,2
5024,3328,,4
5025,606,,2
5026,922,,5
5027,3225,,5
5028,820,,4
5029,2122,,1
5030,998,,4
5031,975,,5
5032,2298,,4
5033,2723,,4
5034,797,,4
5035,3367,,3
5036,303,,2
5037,343,,3
5038,3349,,5
5039,190,,1
5040,1078,,1
5041,415,,5
5042,762,,5
5043,254,,3
5044,1229,,2
5045,1013,,1
5046,543,,4
5047,2462,,3
5048,123,,5
5049,1625,,2
5050,1046,,4
5051,2228,,5
5052,1158,,1
5053,1619,,4
5054,2778,,4
5055,495,,3
5056,1493,,2
5057,1926,,1
5058,2524,,1
5059,1838,,2
5060,2520,,3
5061,2726,,3
5062,2703,,5
5063,2108,,4
5064,3146,,5
5065,78,,4
5066,1708,,3
5067,2748,,5
5068,357,,4
5069,2803,,5
5070,133,,2
5071,2694,,4
5072,641,,2
5073,2287,,2
5074,2841,,4
5075,2789,,3
5076,1968,,4
5077,3112,,4
5078,480,,4
5079,810,,1
5080,455,,1
5081,2464,,2
5082,3054,,2
5083,3187,,5
5084,1782,,1
5085,453,,3
5086,589,,4
5087,2146,,2
5088,3072,,2
5089,3384,,2
5090,2469,,3
5091,3017,,4
5092,1637,,3
5093,672,,5
5094,1593,,1
5095,341,,2
5096,2304,,2
5097,1129,,2
5098,1159,,4
5099,11,,1
5100,3425,,2
5101,1464,,1
5102,2688,,3
5103,1780,,5
5104,2196,,5
5105,1603,,1
5106,2355,,1
5107,685,,3
5108,3412,,2
5109,1466,,2
5110,37,,4
5111,3263,,2
5112,79,,3
5113,1618,,1
5114,2689,,5
5115,1269,,1
5116,718,,1
5117,824,,3
5118,2347,,5
5119,1966,,4
5120,1724,,3
5121,1762,,2
5122,1092,,2
5123,3203,,4
5124,793,,3
5125,2869,,4
5126,2661,,3
5127,24,,2
5128,586,,1
5129,1892,,2
5130,544,,2
5131,2920,,3
5132,1514,,2
5133,2867,,4
5134,409,,3
5135,83,,2
5136,2198,,1
5137,2748,,1
5138,3398,,1
5139,2698,,2
5140,2562,,2
5141,199,,1
5142,2067,,4
5143,2445,,3
5144,1352,,5
5145,3423,,5
5146,3384,,1
5147,2932,,4
5148,3014,,5
5149,1946,,5
5150,2811,,4
5151,245,,1
5152,788,,5
5153,2275,,5
5154,424,,3
5155,2785,,5
5156,610,,3
5157,1197,,3
5158,887,,4
5159,1854,,4
5160,280,,3
5161,2782,,4
5162,3043,,5
5163,2559,,4
5164,635,,5
5165,996,,3
5166,777,fecha_mala,3
5167,2063,,4
5168,3042,,3
5169,3012,,1
5170,3282,,3
5171,2362,,1
5172,760,,4
5173,1364,,4
5174,1008,,4
5175,218,,5
5176,2741,,4
5177,1980,,2
5178,3324,,1
5179,2882,,1
5180,2226,,5
5181,150,,4
5182,1516,,2
5183,1627,,5
5184,2311,,2
5185,1942,,4
5186,2673,,2
5187,76,,4
5188,386,,1
5189,3263,,4
5190,1491,,3
5191,2818,,3
5192,2937,,1
5193,414,,2
5194,2417,,1
5195,596,,4
5196,527,,1
5197,837,,5
5198,2587,,1
5199,320,,3
5200,2286,,5
5201,1306,,3
5202,907,,3
5203,822,,5
5204,1179,,1
5205,1196,,3
5206,1077,,3
5207,1775,,4
5208,3402,,4
5209,1547,,3
5210,630,,3
5211,2095,,2
5212,2841,,2
5213,2054,,5
5214,1818,,4
5215,2292,,4
5216,3016,,1
5217,263,,2
5218,3363,,2
5219,3060,,5
5220,3292,,5
5221,1707,,2
5222,2926,,3
5223,281,,4
5224,1417,,1
5225,3013,,3
5226,930,,2
5227,2616,,3
5228,1095,,4
5229,2018,,4
5230,2237,,1
5231,3007,,2
5232,1171,,2
5233,2698,,4
5234,1490,,2
5235,1348,,3
5236,274,,2
5237,262,,2
5238,2641,,3
5239,359,,2
5240,382,,1
5241,635,,1
5242,1155,,3
5243,558,,1
5244,2023,,1
5245,2816,,5
5246,1820,,5
5247,2278,,3
5248,3059,,4
5249,3064,,1
5250,2257,,1
5251,234,,1
5252,2703,,1
5253,2595,,1
5254,1040,,4
5255,556,,4
5256,453,,4
5257,947,,2
5258,2546,,2
5259,3240,,2
5260,527,,1
5261,1421,,3
5262,2858,,3
5263,295,,2
5264,3230,,2
5265,63,,3
5266,970,,1
5267,112,,3
5268,2607,,2
5269,1463,,4
5270,1498,,4
5271,1873,,2
5272,1025,,2
5273,2593,,3
5274,1477,,1
5275,2727,,1
5276,2216,,1
5277,2312,,2
5278,3385,,3
5279,1735,,2
5280,1028,,3
5281,2494,,4
5282,2418,,4
5283,1656,,3
5284,1147,,3
5285,3187,,3
5286,862,,3
5287,271,,4
5288,2165,,3
5289,279,,2
5290,2608,,5
5291,2885,,5
5292,2458,,5
5293,809,,5
5294,3229,,2
5295,304,,5
5296,368,,4
5297,1042,,5
5298,1852,,1
5299,2433,,1
5300,997,,1
5301,3136,,5
5302,2799,,2
5303,791,,1
5304,213,,4
5305,2404,,4
5306,603,,5
5307,966,,3
5308,2645,,4
5309,648,,4
5310,1215,,4
5311,3177,,3
5312,2336,,1
5313,2124,,1
5314,3420,,5
5315,2640,,1
5316,1575,,1
5317,2276,,5
5318,1826,,5
5319,1246,,3
5320,3341,,1
5321,2033,,3
5322,2557,,1
5323,1405,,2
5324,674,,3
5325,420,,5
5326,2755,,1
5327,1785,,4
5328,1767,,1
5329,415,,3
5330,2697,,4
5331,903,,1
5332,2051,,4
5333,1200,,5
5334,779,,2
5335,560,,4
5336,2790,,3
5337,326,,5
5338,7,,3
5339,1051,,5
5340,3042,,1
5341,2405,,2
5342,2804,,3
5343,701,,5
5344,3323,,4
5345,403,,2
5346,122,,5
5347,1635,,4
5348,1499,,3
5349,998,,2
5350,580,,4
5351,1101,,5
5352,1281,,3
5353,2060,,5
5354,1233,,4
5355,837,,1
5356,2047,,4
5357,1996,,3
5358,1499,,3
5359,377,,4
5360,3308,,1
5361,1780,,5
5362,952,,5
5363,2486,,5
5364,1435,,4
5365,563,,2
5366,2400,,4
5367,318,,2
5368,948,,3
5369,2270,,5
5370,2480,,1
5371,3395,,3
5372,2428,,3
5373,794,,5
5374,2440,,3
5375,2575,,2
5376,2313,,2
5377,2556,,2
5378,2800,,1
5379,1947,,4
5380,3408,,4
5381,2208,,1
5382,190,,3
5383,591,,4
5384,1703,,4
5385,1492,,1
5386,2785,,1
5387,2304,,1
5388,1,,3
5389,1561,,5
5390,1868,,1
5391,3360,,4
5392,2260,,4
5393,618,,5
5394,657,,3
5395,1083,,5
5396,1373,,3
5397,373,,2
5398,2704,,5
5399,233,,3
5400,229,,2
5401,436,,4
5402,462,,3
5403,1932,,4
5404,2802,,4
5405,3229,,1
5406,2772,,3
5407,2349,,5
5408,2023,,4
5409,1060,,4
5410,1426,,5
5411,2989,,2
5412,362,,4
5413,2827,,1
5414,2780,,1
5415,198,,4
5416,828,,2
5417,1062,,4
5418,3128,,5
5419,1504,,5
5420,2658,,1
5421,2058,,2
5422,278,,3
5423,2285,,1
5424,2177,,5
5425,2983,,5
5426,3154,,4
5427,2012,,2
5428,3012,,1
5429,478,,5
5430,2101,,4
5431,1979,,5
5432,589,,2
5433,1846,,1
5434,2330,,5
5435,1423,,1
5436,2282,,3
5437,2553,,3
5438,2017,,3
5439,1364,,3
5440,911,,1
5441,2264,,4
5442,3084,,2
5443,1582,,1
5444,1722,,3
5445,3125,,2
5446,1018,,4
5447,2767,,2
5448,875,,3
5449,884,,3
5450,963,,5
5451,181,,1
5452,1580,,1
5453,1212,,5
5454,791,,2
5455,2592,,4
5456,1773,,3
5457,671,,4
5458,658,,4
5459,2773,,2
5460,929,,3
5461,1353,,2
5462,410,,2
5463,2755,,3
5464,1225,,1
5465,2415,,1
5466,1391,,4
5467,2746,,1
5468,1383,,5
5469,3068,,4
5470,2483,,5
5471,1647,,3
5472,1656,,4
5473,2125,,1
5474,2374,,4
5475,2420,,2
5476,114,,4
5477,908,,2
5478,1496,,4
5479,1840,,5
5480,308,,1
5481,684,,1
5482,1583,,2
5483,1532,,3
5484,2108,,5
5485,239,,3
5486,2729,,5
5487,1032,,4
5488,1885,,4
5489,3245,,5
5490,1300,,2
5491,1074,,4
5492,906,,4
5493,2235,,5
5494,3280,,2
5495,1918,,4
5496,680,,2
5497,3241,,5
5498,146,,3
5499,1406,,5
5500,432,,3
5501,114,,1
5502,3417,,2
5503,292,,4
5504,3104,,4
5505,1867,,3
5506,1097,,4
5507,2956,,3
5508,14,,1
5509,2365,,1
5510,2628,,2
5511,1247,,1
5512,1030,,4
5513,32,,5
5514,76,,5
5515,151,,3
5516,1564,,5
5517,1818,,4
5518,1453,,1
5519,2407,,3
5520,1240,,3
5521,2708,,3
5522,2238,,5
5523,3210,,5
5524,2487,,2
5525,439,,1
5526,1916,,4
5527,2252,,1
5528,48,,3
5529,151,,5
5530,77,,4
5531,588,,5
5532,3020,,1
5533,823,,4
5534,639,,2
5535,1528,,1
5536,1364,,2
5537,3403,,5
5538,355,,3
5539,2880,,5
5540,786,,1
5541,1062,,4
5542,1663,,3
5543,3341,,2
5544,807,,3
5545,1178,,4
5546,2258,,1
5547,2295,,4
5548,1259,,2
5549,450,,5
5550,2701,,1
5551,3085,,2
5552,2062,,5
5553,2990,,2
5554,870,,1
5555,2960,,3
5556,2769,,4
5557,3091,,3
5558,3193,,3
5559,1183,,1
5560,412,,2
5561,2566,,1
5562,2294,,5
5563,2219,,2
5564,2161,,4
5565,140,,2
5566,2294,,4
5567,1659,,1
5568,107,,1
5569,2931,,2
5570,97,,2
5571,800,,2
5572,1010,,2
5573,2682,,4
5574,275,,3
5575,1317,,1
5576,1254,,5
5577,1421,,4
5578,2989,,3
5579,1115,,3
5580,1214,,2
5581,1401,,2
5582,1346,,1
5583,3268,,5
5584,917,,2
5585,389,,4
5586,1444,,1
5587,287,,1
5588,2732,,2
5589,3056,,1
5590,2846,,5
5591,2757,,1
5592,1443,,3
5593,2392,,2
5594,1360,,2
5595,2927,,1
5596,669,,2
5597,482,,1
5598,3342,,3
5599,1235,,2
5600,1066,,1
5601,2290,,1
5602,1174,,5
5603,2560,,2
5604,1473,,3
5605,2686,,3
5606,276,,3
5607,2492,,5
5608,1126,,4
5609,1449,,3
5610,3188,,2
5611,1652,,5
5612,255,,1
5613,1570,,3
5614,824,,4
5615,1626,,5
5616,746,,1
5617,2203,,2
5618,806,,1
5619,1594,,2
5620,3270,,5
5621,2185,,1
5622,2427,,4
5623,2646,,5
5624,3151,,1
5625,3036,,2
5626,2938,,5
5627,1169,,4
5628,2140,,1
5629,2802,,5
5630,1918,,5
5631,436,,2
5632,1744,,3
5633,741,,2
5634,2362,,3
5635,2945,,4
5636,2404,,4
5637,1887,,5
5638,2054,,1
5639,1845,,5
5640,1538,,5
5641,778,,2
5642,2314,,1
5643,1198,,2
5644,537,,5
5645,2741,,1
5646,1890,,1
5647,1783,,1
5648,1779,,1
5649,267,,4
5650,1832,,1
5651,1862,,5
5652,1750,,2
5653,24,,3
5654,2570,,3
5655,2104,,5
5656,2595,,4
5657,1726,,1
5658,1129,,5
5659,2854,,1
5660,1202,,3
5661,1553,,5
5662,57,,3
5663,558,,3
5664,389,,2
5665,1451,,4
5666,899,,4
5667,1139,,5
5668,2623,,5
5669,2340,,3
5670,2733,,2
5671,2795,,3
5672,850,,2
5673,2109,,2
5674,2979,,2
5675,1044,,3
5676,1287,,2
5677,1821,,2
5678,2734,,3
5679,505,,1
5680,1599,,1
5681,831,,4
5682,2441,,5
5683,829,,2
5684,1221,,1
5685,1187,,3
5686,242,,1
5687,2289,,5
5688,871,,1
5689,1682,,3
5690,2388,,2
5691,2696,,3
5692,3145,,4
5693,432,,2
5694,2152,,5
5695,1125,,5
5696,2634,,3
5697,1332,,2
5698,49,,2
5699,2932,,5
5700,2604,,4
5701,1132,,3
5702,2862,,4
5703,1406,,2
5704,1414,,4
5705,1028,,5
5706,1692,,3
5707,3407,,4
5708,180,,3
5709,2033,,1
5710,599,,1
5711,425,,2
5712,194,,2
5713,936,,1
5714,2505,,5
5715,2522,,4
5716,2740,,1
5717,498,,5
5718,373,,2
5719,3364,,5
5720,3157,,2
5721,2398,,1
5722,2876,,1
5723,2756,,2
5724,1974,,5
5725,1630,,3
5726,3351,,1
5727,2317,,2
5728,3023,,3
5729,710,,3
5730,763,,5
5731,2157,,1
5732,3268,,1
5733,2126,,4
5734,1518,,1
5735,86,,4
5736,531,,2
5737,791,,2
5738,686,,1
5739,2406,,4
5740,2344,,1
5741,1301,,1
5742,3383,,3
5743,1349,,1
5744,1526,,1
5745,1803,,2
5746,1963,,4
5747,655,,4
5748,1029,,5
5749,2357,,5
5750,2896,,2
5751,1451,,2
5752,395,,2
5753,2917,,1
5754,1995,,1
5755,1495,,3
5756,2008,,1
5757,2819,,1
5758,4,,2
5759,1234,,5
5760,3222,,3
5761,1031,,2
5762,3338,,1
5763,964,,4
5764,1602,,2
5765,240,,5
5766,2486,,1
5767,821,,4
5768,2907,,4
5769,445,,2
5770,400,,2
5771,1608,,5
5772,290,,4
5773,1128,,1
5774,2361,,3
5775,1729,,4
5776,1917,,2
5777,311,,4
5778,2327,,4
5779,313,,2
5780,1960,,1
5781,2709,,1
5782,2488,,4
5783,1209,,4
5784,531,,2
5785,2845,,3
5786,739,,3
5787,1698,,5
5788,812,,3
5789,103,,3
5790,1427,,3
5791,1885,,1
5792,2602,,4
5793,2486,,5
5794,2848,,1
5795,2788,,1
5796,1375,,3
5797,1169,,4
5798,2063,,1
5799,1643,,4
5800,1011,,2
5801,109,,1
5802,1630,,1
5803,1608,,3
5804,3223,,3
5805,2783,,3
5806,923,,4
5807,378,,5
5808,2699,,5
5809,1669,,4
5810,145,,3
5811,2582,,2
5812,1183,,4
5813,587,,4
5814,2257,,5
5815,2690,,4
5816,2658,,1
5817,940,,3
5818,2029,,4
5819,1596,,5
5820,2978,,2
5821,650,,5
5822,2812,,2
5823,1187,,2
5824,2115,,5
5825,1720,,1
5826,1193,,2
5827,793,,5
5828,1246,,5
5829,2081,,1
5830,2107,fecha_mala,5
5831,2135,,3
5832,2249,,5
5833,176,,3
5834,1352,,3
5835,1079,,2
5836,1362,,3
5837,1310,,3
5838,606,,3
5839,3305,,2
5840,1,,3
5841,2040,,1
5842,1581,,5
5843,2410,,3
5844,2846,,2
5845,2223,,5
5846,2626,,3
5847,938,,4
5848,3405,,5
5849,299,,5
5850,2293,,2
5851,503,,3
5852,802,,5
5853,2827,,3
5854,2320,,2
5855,2170,,3
5856,2838,,1
5857,954,,5
5858,2196,,3
5859,692,,2
5860,1650,,3
5861,1387,,1
5862,2119,,4
5863,223,,3
5864,89,,1
5865,109,,3
5866,909,,1
5867,1974,,2
5868,541,,5
5869,3396,,4
5870,1416,,3
5871,1039,,3
5872,3059,,3
5873,601,,1
5874,644,,2
5875,1305,,5
5876,244,,5
5877,2334,,1
5878,2661,,5
5879,1212,,1
5880,2973,,3
5881,26,,5
5882,1821,,2
5883,2501,,5
5884,1290,,5
5885,3243,,3
5886,1475,,5
5887,3145,,1
5888,2258,,3
5889,791,,2
5890,2848,,4
5891,106,,2
5892,649,,3
5893,2671,,4
5894,3091,,2
5895,1330,,5
5896,2252,,4
5897,2389,,2
5898,2529,,4
5899,3102,,2
5900,298,,3
5901,660,,4
5902,3146,,5
5903,1866,,2
5904,1810,,3
5905,1381,,3
5906,1241,,5
5907,839,,5
5908,1367,,2
5909,252,,1
5910,1004,,5
5911,3403,,1
5912,559,,2
5913,2508,,1
5914,119,,1
5915,2514,,1
5916,906,,4
5917,2406,,3
5918,1701,,1
5919,2657,,4
5920,2284,,1
5921,1912,,3
5922,2512,,4
5923,3309,,3
5924,2040,,2
5925,596,,5
5926,398,,5
5927,1876,,5
5928,1479,,1
5929,2085,,2
5930,2286,,2
5931,641,,1
5932,2546,,2
5933,3396,,2
5934,1112,,3
5935,3181,,4
5936,3180,,3
5937,1434,,4
5938,2725,,2
5939,3194,,3
5940,2918,,2
5941,1331,,1
5942,2283,,1
5943,2030,,1
5944,1418,,4
5945,2191,,1
5946,3200,,3
5947,90,,1
5948,3088,,2
5949,1261,,2
5950,2838,,2
5951,370,,3
5952,3053,,5
5953,1535,,4
5954,3140,,2
5955,1466,,5
5956,2557,,5
5957,2042,fecha_mala,4
5958,687,,2
5959,855,,1
5960,1845,,5
5961,1668,,5
5962,2110,,3
5963,2764,,3
5964,2649,,3
5965,201,,5
5966,1696,,2
5967,508,,4
5968,1757,,5
5969,1836,,2
5970,3410,,2
5971,1331,,1
5972,1549,,4
5973,1752,,2
5974,446,,1
5975,206,,3
5976,2431,,3
5977,1030,,1
5978,1242,,4
5979,3399,,3
5980,852,,3
5981,3097,,2
5982,2153,,4
5983,909,,4
5984,3269,,4
5985,2132,,2
5986,1072,,3
5987,1546,,2
5988,1276,,2
5989,2896,,5
5990,1595,,2
5991,127,,2
5992,2357,,4
5993,2593,,4
5994,1357,,2
5995,3158,,1
5996,1456,,4
5997,905,,5
5998,2401,,1
5999,438,,2
6000,3375,,5
6001,2341,,4
6002,1085,,4
6003,280,,2
6004,2005,,3
6005,2009,,1
6006,2721,,5
6007,972,,3
6008,727,,4
6009,1414,,5
6010,2803,,1
6011,3111,,5
6012,1216,,2
6013,164,,2
6014,381,,3
6015,1865,,2
6016,86,,2
6017,2480,,4
6018,114,,2
6019,1451,,4
6020,2732,,2
6021,1603,,2
6022,2312,,1
6023,1144,,5
6024,2718,,1
6025,1462,,3
6026,2579,,2
6027,3262,,5
6028,1305,,1
6029,795,,3
6030,3196,,3
6031,2333,,5
6032,3007,,1
6033,1296,,5
6034,1194,,1
6035,425,,2
6036,2648,,5
6037,2892,,2
6038,2808,,3
6039,998,,2
6040,1673,,5
6041,1690,,1
6042,413,,5
6043,1,,2
6044,1145,,3
6045,1748,,2
6046,3387,,4
6047,2993,,4
6048,2453,,1
6049,3298,,2
6050,2654,,4
6051,1803,,3
6052,3124,,3
6053,3151,,2
6054,695,,4
6055,969,,5
6056,3317,,1
6057,20,,4
6058,1775,,5
6059,1312,,2
6060,2551,,3
6061,3283,,3
6062,1090,,4
6063,755,,4
6064,1129,,5
6065,2452,,3
6066,1232,,5
6067,2201,,3
6068,1193,,2
6069,2536,,4
6070,215,,3
6071,1174,,4
6072,1061,,4
6073,2048,,1
6074,2218,,3
6075,2491,,1
6076,3090,,3
6077,2728,,4
6078,143,,4
6079,2321,,1
6080,57,,5
6081,1417,,4
6082,2029,,2
6083,1094,,3
6084,2397,,1
6085,2727,,2
6086,2084,,4
6087,1798,,5
6088,3333,,3
6089,2235,,2
6090,784,,5
6091,2249,,3
6092,1649,,4
6093,82,,4
6094,3137,,2
6095,2726,,1
6096,2115,,4
6097,2305,,5
6098,1977,,5
6099,1176,,5
6100,3195,,2
6101,1895,,5
6102,1161,,1
6103,2346,,2
6104,539,,4
6105,1095,,2
6106,443,,1
6107,292,,1
6108,2815,,5
6109,1498,,3
6110,2936,,1
6111,2184,,4
6112,802,,2
6113,724,,2
6114,1566,,5
6115,325,,3
6116,2004,,1
6117,1574,,5
6118,477,,1
6119,1798,,4
6120,2908,,1
6121,3113,,2
6122,1435,,5
6123,251,,1
6124,2958,,5
6125,1888,,2
6126,2604,,2
6127,155,,5
6128,1011,,4
6129,979,,2
6130,2455,,4
6131,2334,,3
6132,2537,,1
6133,1361,,2
6134,1067,,2
6135,649,,3
6136,870,,5
6137,563,,3
6138,2821,,1
6139,2321,,4
6140,2322,,3
6141,3035,,2
6142,2534,,2
6143,1098,,4
6144,1073,,3
6145,436,,3
6146,2474,,1
6147,2995,,1
6148,2447,,2
6149,1612,,4
6150,1142,,1
6151,1502,,1
6152,927,,5
6153,567,,2
6154,1478,,1
6155,811,,5
6156,2532,,3
6157,3105,,1
6158,664,,3
6159,21,,1
6160,2995,,2
6161,1007,,5
6162,875,,4
6163,2930,,3
6164,2876,,2
6165,1989,,3
6166,534,,4
6167,2417,,4
6168,2533,,3
6169,1519,,1
6170,1923,,5
6171,1838,,2
6172,2266,,5
6173,1767,,99
6174,3337,,2
6175,121,,3
6176,181,,4
6177,518,,2
6178,511,,4
6179,1709,,3
6180,271,,5
6181,655,,5
6182,1780,,5
6183,3082,,2
6184,2750,,4
6185,743,,4
6186,188,,3
6187,2532,,1
6188,2670,,2
6189,3182,,3
6190,1484,,5
6191,201,,5
6192,3225,,5
6193,985,,5
6194,1311,,1
6195,1419,fecha_mala,5
6196,3373,,3
6197,1238,,1
6198,1907,,1
6199,1728,,2
6200,3391,,2
6201,3262,,1
6202,2165,,2
6203,363,,3
6204,1187,,2
6205,2282,,4
6206,2752,,4
6207,2576,,2
6208,1668,,1
6209,2297,,2
6210,1058,,4
6211,2179,,2
6212,1639,,3
6213,2342,,5
6214,2987,,4
6215,2809,,4
6216,2509,,1
6217,2630,,4
6218,596,,2
6219,634,,3
6220,2873,,4
6221,1853,,5
6222,1478,,4
6223,2278,,2
6224,284,,3
6225,566,,2
6226,505,,3
6227,1939,,4
6228,227,,5
6229,153,,2
6230,2318,,2
6231,2517,,5
6232,883,,1
6233,2367,,2
6234,330,,5
6235,1403,,5
6236,1253,,5
6237,1187,,5
6238,2970,,2
6239,269,,1
6240,2154,,5
6241,938,,3
6242,1666,,2
6243,690,,3
6244,2512,,5
6245,209,,3
6246,260,,4
6247,1127,,3
6248,3024,,3
6249,82,,5
6250,609,,5
6251,1685,,3
6252,74,,5
6253,1830,,4
6254,1242,,1
6255,2212,,5
6256,201,,4
6257,606,,5
6258,573,,4
6259,2526,,5
6260,2532,,3
6261,399,,1
6262,1387,,2
6263,2411,,1
6264,24,,2
6265,345,,3
6266,2205,,5
6267,1935,,4
6268,2422,,3
6269,1599,,3
6270,3090,,3
6271,430,,3
6272,530,,3
6273,2176,,5
6274,2936,,1
6275,79,,2
6276,2428,,1
6277,3332,,5
6278,1931,,1
6279,2847,,4
6280,897,,1
6281,2757,,3
6282,1569,,5
6283,1023,,5
6284,680,,1
6285,2922,,4
6286,2459,,2
6287,2702,,4
6288,2410,,3
6289,876,,4
6290,656,,5
6291,2219,,2
6292,866,,1
6293,2220,,2
6294,3087,,2
6295,2566,,1
6296,1616,,4
6297,3113,,5
6298,1888,,3
6299,1610,,3
6300,3284,,3
6301,1148,,5
6302,710,,1
6303,476,,3
6304,2148,,5
6305,1747,,1
6306,2652,,3
6307,503,,1
6308,1095,,5
6309,414,,4
6310,1058,,5
6311,3290,,2
6312,3072,,4
6313,1700,,4
6314,341,,1
6315,3408,,4
6316,539,,4
6317,347,,4
6318,1408,,3
6319,3224,,5
6320,2735,,1
6321,1232,,2
6322,1559,,2
6323,208,,5
6324,927,,1
6325,2296,,1
6326,1440,,5
6327,3353,,2
6328,1526,,4
6329,2901,,2
6330,2491,,4
6331,1739,,5
6332,2976,,4
6333,2983,,2
6334,1101,,4
6335,954,,5
6336,2427,,5
6337,93,,2
6338,2403,,2
6339,1490,,3
6340,2627,,2
6341,446,,4
6342,1971,,3
6343,1837,,3
6344,51,,5
6345,1797,,2
6346,2247,,5
6347,1388,,3
6348,2098,,5
6349,1118,,3
6350,2095,,4
6351,834,,1
6352,964,,2
6353,244,,3
6354,336,,2
6355,461,,1
6356,649,,3
6357,2462,,2
6358,741,,4
6359,1218,,3
6360,595,,3
6361,1452,,5
6362,838,,1
6363,1127,,4
6364,236,,3
6365,1730,,4
6366,923,,5
6367,2231,,2
6368,3418,,2
6369,1662,,4
6370,1752,,4
6371,2845,,1
6372,1180,,2
6373,484,,5
6374,2468,,3
6375,2226,,5
6376,1608,,4
6377,1325,,2
6378,102,,2
6379,1908,,5
6380,1875,,4
6381,1767,,3
6382,1042,,4
6383,520,,3
6384,1957,,2
6385,2124,,5
6386,594,,5
6387,413,,5
6388,1653,,4
6389,165,,5
6390,664,,3
6391,2180,,2
6392,1024,,1
6393,1578,,2
6394,2354,,3
6395,606,,1
6396,780,,2
6397,1019,,5
6398,1429,,2
6399,1918,,2
6400,251,,4
6401,1623,,5
6402,2354,,5
6403,2917,,5
6404,1846,,1
6405,2144,,1
6406,2788,,4
6407,2491,,5
6408,1833,,4
6409,1940,,5
6410,3406,,4
6411,2593,,2
6412,826,,5
6413,1555,,4
6414,2542,,2
6415,1789,,3
6416,1481,,3
6417,2084,,1
6418,1288,,2
6419,2323,,2
6420,2506,,2
6421,3076,,3
6422,3273,,3
6423,2437,,5
6424,2588,,1
6425,2645,,5
6426,1131,,2
6427,3136,,2
6428,1747,,1
6429,2972,,1
6430,744,,1
6431,1063,,2
6432,2125,,2
6433,1982,,2
6434,1379,,1
6435,757,,2
6436,782,,1
6437,2490,,4
6438,73,,4
6439,409,,1
6440,3170,,4
6441,3354,,5
6442,270,,5
6443,488,,1
6444,1128,,5
6445,2007,,3
6446,653,,5
6447,3365,,2
6448,1693,,4
6449,1840,,5
6450,668,,2
6451,1054,,4
6452,2522,,1
6453,2167,,4
6454,771,,5
6455,1513,,2
6456,636,,5
6457,1396,,4
6458,743,,3
6459,3356,,2
6460,1020,,3
6461,1623,,5
6462,2199,,1
6463,141,,5
6464,718,,1
6465,3388,,5
6466,2387,,3
6467,829,,5
6468,1474,,1
6469,2937,,1
6470,675,,3
6471,1024,,4
6472,823,,4
6473,2278,,4
6474,1807,,5
6475,1715,,4
6476,1297,,5
6477,1124,,1
6478,1760,,2
6479,2737,,1
6480,2784,,3
6481,2688,,2
6482,157,,4
6483,1679,,3
6484,1349,,3
6485,3204,,4
6486,1423,,5
6487,846,,1
6488,860,,2
6489,668,,3
6490,1514,,1
6491,905,,5
6492,1941,,2
6493,791,,1
6494,2004,,3
6495,2109,,1
6496,2295,,2
6497,3023,,4
6498,263,,2
6499,182,,5
6500,1576,,2
6501,1768,,1
6502,2595,,3
6503,777,,1
6504,1559,,4
6505,2094,,3
6506,2249,,1
6507,1860,,2
6508,2023,,5
6509,562,,5
6510,1592,,4
6511,1855,,5
6512,271,,1
6513,3318,,4
6514,2169,,1
6515,2459,,3
6516,1831,,1
6517,3188,,2
6518,20,,1
6519,3282,,2
6520,709,,4
6521,3030,,4
6522,211,,5
6523,1072,,5
6524,1954,,1
6525,2253,,5
6526,52,,2
6527,1230,,5
6528,2886,,5
6529,628,,5
6530,3246,,3
6531,2433,,4
6532,3342,,3
6533,3094,,1
6534,777,,3
6535,3224,,2
6536,1696,,1
6537,886,,1
6538,3053,,2
6539,1612,,4
6540,2355,,5
6541,2090,,5
6542,1024,,4
6543,3367,,5
6544,2857,,2
6545,1813,,5
6546,1966,,5
6547,239,,1
6548,2501,,2
6549,3117,,2
6550,3321,,1
6551,1918,,1
6552,3417,,5
6553,2735,,1
6554,1730,,4
6555,2742,,5
6556,537,,4
6557,2315,,3
6558,2122,,1
6559,1690,,3
6560,2206,,2
6561,2919,,5
6562,1960,,5
6563,1299,,2
6564,1446,,1
6565,1947,,5
6566,1992,,5
6567,1074,,5
6568,1830,,4
6569,985,,3
6570,3236,,2
6571,1831,,1
6572,2869,,5
6573,1300,,5
6574,1349,,5
6575,989,,3
6576,1956,,5
6577,2111,,1
6578,1939,,3
6579,2867,,1
6580,1750,,3
6581,2813,,1
6582,199,,2
6583,1234,,3
6584,2441,,1
6585,1314,,1
6586,2505,,5
6587,2028,,2
6588,1659,,5
6589,1911,,2
6590,3088,,1
6591,2325,,1
6592,3370,,4
6593,328,,1
6594,2785,,5
6595,3053,,2
6596,3178,,4
6597,1847,,3
6598,1670,,1
6599,2000,,4
6600,3132,,1
6601,2969,,4
6602,3203,,3
6603,3320,,2
6604,2136,,5
6605,888,,2
6606,517,,2
6607,3075,,4
6608,522,,2
6609,242,,3
6610,1618,,4
6611,2546,,5
6612,2520,,5
6613,871,,1
6614,1718,,5
6615,3064,,3
6616,2740,,5
6617,3140,,2
6618,2637,,3
6619,313,,5
6620,698,,5
6621,579,,4
6622,455,,4
6623,2941,,1
6624,2418,,4
6625,3130,,3
6626,1098,,1
6627,3356,,5
6628,3191,,3
6629,364,,4
6630,2975,,1
6631,380,,2
6632,1546,,5
6633,620,,5
6634,1989,,1
6635,61,,5
6636,2902,,2
6637,1632,,2
6638,2985,,5
6639,1485,,3
6640,1908,,4
6641,2528,,1
6642,3329,,4
6643,1282,,2
6644,1785,,4
6645,1112,,4
6646,141,,1
6647,2991,,5
6648,1928,,2
6649,1276,,2
6650,2662,,4
6651,2805,,5
6652,3374,,5
6653,1497,,3
6654,361,,2
6655,1663,,5
6656,1509,,2
6657,711,,4
6658,2010,,2
6659,1419,,2
6660,3020,,3
6661,164,,5
6662,2452,,2
6663,2062,,4
6664,793,,1
6665,1208,,4
6666,2944,,2
6667,1248,,1
6668,2276,,3
6669,1756,,2
6670,3066,,4
6671,2263,,1
6672,2858,,2
6673,3095,,2
6674,443,,2
6675,2856,,1
6676,3290,,2
6677,125,,1
6678,1556,,4
6679,873,,3
6680,3366,,2
6681,1206,,4
6682,641,,5
6683,328,,3
6684,2718,,2
6685,202,,3
6686,1045,,4
6687,1899,,1
6688,154,,2
6689,599,,3
6690,3405,,4
6691,1569,,3
6692,1040,,4
6693,2980,,5
6694,276,,1
6695,905,,3
6696,2948,,2
6697,2579,,1
6698,1480,,1
6699,3360,,4
6700,1975,,3
6701,2553,,2
6702,3374,,5
6703,1728,,2
6704,1647,,3
6705,2273,,5
6706,230,,4
6707,1469,,4
6708,2368,,2
6709,1299,,5
6710,2434,,3
6711,1382,,2
6712,666,,4
6713,502,,3
6714,1869,,1
6715,663,,1
6716,1265,,1
6717,1781,,1
6718,171,,2
6719,1440,,2
6720,1068,,2
6721,1076,,5
6722,3116,,5
6723,3168,,5
6724,1029,,1
6725,3018,,3
6726,764,,1
6727,1189,,4
6728,3223,,1
6729,349,,2
6730,1310,,2
6731,2758,,3
6732,3222,,2
6733,3249,,3
6734,3015,,1
6735,3304,,3
6736,1612,,1
6737,1107,,1
6738,1319,,1
6739,414,,2
6740,472,,4
6741,3335,,2
6742,653,,3
6743,2111,,4
6744,797,,4
6745,2275,,3
6746,1611,,1
6747,360,,4
6748,1275,,2
6749,2503,,3
6750,2742,,5
6751,992,,1
6752,1017,,1
6753,2499,,2
6754,1454,,3
6755,241,,3
6756,421,,2
6757,1280,,5
6758,929,,1
6759,408,,3
6760,2682,,3
6761,1572,,4
6762,2422,,3
6763,7,,1
6764,1378,,2
6765,1638,,1
6766,1978,,3
6767,3316,,5
6768,1570,,2
6769,1676,,2
6770,3067,,3
6771,1365,,1
6772,1352,,5
6773,548,,4
6774,2474,,4
6775,67,,2
6776,749,,2
6777,1432,,3
6778,1487,,2
6779,133,,1
6780,1813,,4
6781,3329,,5
6782,359,,2
6783,1691,,4
6784,2012,,5
6785,1110,,0
6786,1969,,5
6787,1168,,5
6788,544,,2
6789,2879,,1
6790,3421,,5
6791,1322,,4
6792,317,,1
6793,560,,5
6794,3067,,1
6795,3017,,2
6796,1684,,5
6797,2985,,2
6798,763,,4
6799,1372,,1
6800,387,,3
6801,1867,,4
6802,2396,,5
6803,3294,,3
6804,2584,,1
6805,2278,,3
6806,2307,,4
6807,2155,,3
6808,1439,,5
6809,1713,,2
6810,592,,5
6811,69,,4
6812,2705,,3
6813,1699,,1
6814,2984,,2
6815,418,,4
6816,1343,,5
6817,882,,3
6818,2882,,2
6819,1291,,4
6820,2177,,5
6821,289,,1
6822,1805,,2
6823,1512,,4
6824,2092,,1
6825,2005,,5
6826,370,,2
6827,172,,3
6828,430,,3
6829,746,,2
6830,2489,,1
6831,922,,1
6832,3323,,2
6833,298,,2
6834,1740,,5
6835,2452,,4
6836,185,,1
6837,1761,,4
6838,234,,4
6839,2706,,1
6840,1601,,3
6841,2962,,4
6842,2253,,4
6843,1086,,3
6844,531,,3
6845,543,,4
6846,114,,5
6847,1029,,1
6848,2499,,3
6849,1215,,5
6850,501,,3
6851,275,,1
6852,1501,,1
6853,719,,4
6854,2515,,3
6855,1154,,4
6856,430,,1
6857,935,,4
6858,1517,,3
6859,129,,3
6860,382,,3
6861,3292,,2
6862,1191,,4
6863,2563,,2
6864,3126,,3
6865,389,,5
6866,2351,,4
6867,2854,,1
6868,80,,1
6869,1065,,3
6870,461,,4
6871,110,,3
6872,1007,,5
6873,627,,5
6874,3068,,3
6875,813,,2
6876,2559,,1
6877,177,,1
6878,2115,,4
6879,2381,,2
6880,523,,1
6881,1477,,1
6882,3182,,3
6883,2104,,3
6884,2768,,1
6885,1455,,3
6886,821,,3
6887,1610,,1
6888,1385,,5
6889,3367,,2
6890,1468,,1
6891,2149,,1
6892,2013,,3
6893,1273,,4
6894,1284,,2
6895,2893,,4
6896,720,,2
6897,1425,,1
6898,2285,,4
6899,194,,4
6900,2321,,4
6901,2853,,3
6902,1516,,5
6903,1997,,5
6904,1667,,2
6905,2281,,4
6906,174,,1
6907,2115,,1
6908,1563,,3
6909,123,,4
6910,2742,,3
6911,520,,1
6912,2026,,4
6913,2913,,4
6914,3154,,4
6915,2152,,4
6916,2455,,5
6917,2003,,2
6918,2664,,1
6919,3343,,3
6920,1571,,5
6921,1415,,1
6922,595,,5
6923,3355,,4
6924,3125,,1
6925,2419,,3
6926,2258,,2
6927,702,,4
6928,3115,,4
6929,199,,2
6930,2116,,3
6931,869,,1
6932,1557,,1
6933,326,,4
6934,462,,2
6935,1292,,5
6936,1363,,3
6937,3020,,2
6938,2047,,5
6939,108,,1
6940,3188,,5
6941,2091,,1
6942,2841,,5
6943,3165,,3
6944,1758,,3
6945,615,,4
6946,1535,,4
6947,2353,,2
6948,114,,1
6949,3241,,5
6950,1203,,3
6951,2260,,2
6952,3362,,5
6953,2964,,1
6954,2539,,5
6955,1024,,1
6956,1798,,4
6957,1718,,1
6958,2954,,1
6959,137,,2
6960,79,,1
6961,405,,1
6962,3280,,4
6963,1852,,4
6964,2397,,2
6965,324,,4
6966,46,,2
6967,2228,,2
6968,2417,,5
6969,1464,,3
6970,285,,1
6971,1678,,4
6972,2191,,2
6973,732,,1
6974,1031,,2
6975,2558,,2
6976,727,,1
6977,340,,4
6978,2152,,2
6979,80,,1
6980,1487,,1
6981,1951,,4
6982,221,,3
6983,2238,,5
6984,2817,,3
6985,3335,,4
6986,912,,3
6987,1121,,3
6988,2118,,5
6989,2053,,4
6990,2088,,3
6991,1078,,5
6992,193,,4
6993,86,,5
6994,3416,,4
6995,1392,,4
6996,1534,,3
6997,2145,,5
6998,704,,2
6999,1309,,3
7000,1496,,5
7001,326,,2
7002,2066,,3
7003,664,,1
7004,11,,3
7005,2127,,2
7006,1028,,3
7007,2459,,2
7008,1837,,5
7009,100,,5
7010,2379,,3
7011,140,,4
7012,1074,,3
7013,2350,,2
7014,1384,,3
7015,1319,,3
7016,758,fecha_mala,4
7017,1521,,4
7018,1004,,2
7019,3241,,4
7020,2355,,5
7021,3113,,3
7022,1156,,5
7023,3254,,3
7024,958,,1
7025,1059,,1
7026,1023,,2
7027,2020,,3
7028,2099,,5
7029,223,,2
7030,1921,,2
7031,3264,,4
7032,1394,,2
7033,2397,,3
7034,2166,,2
7035,3357,,2
7036,2202,,1
7037,1613,,3
7038,45,,3
7039,2754,,1
7040,1162,,4
7041,3169,,2
7042,837,,4
7043,1498,,1
7044,2840,,1
7045,520,,1
7046,944,,3
7047,2713,,1
7048,1087,,2
7049,3280,,3
7050,1842,,4
7051,2827,,4
7052,1875,,3
7053,155,,1
7054,2778,,5
7055,1438,,4
7056,1329,,5
7057,2522,,5
7058,963,,4
7059,1467,,5
7060,2084,,3
7061,2032,,3
7062,2495,,3
7063,282,,3
7064,3400,,3
7065,2083,,2
7066,2118,,4
7067,3023,,2
7068,1681,,5
7069,104,,4
7070,456,,5
7071,3246,,4
7072,3381,,3
7073,288,,2
7074,2347,,4
7075,2263,,3
7076,566,,2
7077,2697,,1
7078,1575,,1
7079,790,,2
7080,1920,,4
7081,3100,,5
7082,743,,5
7083,2120,,3
7084,2509,,5
7085,2142,,1
7086,2228,,5
7087,2486,,5
7088,801,,3
7089,349,,1
7090,3390,,4
7091,1095,,1
7092,3250,,4
7093,920,,2
7094,910,,3
7095,86,,5
7096,1514,,1
7097,3237,,1
7098,3065,,3
7099,1044,,4
7100,1392,,2
7101,2294,,1
7102,3271,,4
7103,2069,,4
7104,687,,5
7105,1220,,5
7106,2480,,4
7107,81,,1
7108,2054,,2
7109,2635,,4
7110,1186,,3
7111,1846,,1
7112,2459,,3
7113,2039,,4
7114,83,,4
7115,2006,,5
7116,791,,1
7117,2535,,5
7118,895,,3
7119,3351,,2
7120,403,,5
7121,3051,,1
7122,117,,1
7123,2340,,4
7124,1209,,4
7125,670,,1
7126,748,,5
7127,132,,5
7128,456,,4
7129,1343,,2
7130,539,,5
7131,3316,,1
7132,2830,,4
7133,1618,,5
7134,326,,3
7135,3378,,2
7136,2483,,3
7137,628,,1
7138,185,,1
7139,2123,,2
7140,140,,1
7141,2105,,4
7142,1515,,4
7143,3016,,5
7144,1308,,2
7145,1535,,5
7146,1870,,2
7147,3368,,3
7148,2407,,5
7149,2293,,2
7150,1062,,1
7151,1656,,5
7152,666,,2
7153,1342,,2
7154,2816,,4
7155,341,,3
7156,567,,1
7157,2007,,5
7158,2735,,3
7159,3340,,2
7160,2011,,1
7161,2251,,4
7162,992,,4
7163,1404,,4
7164,1077,,4
7165,374,,5
7166,1270,,4
7167,746,,2
7168,2025,,2
7169,2582,,2
7170,3356,,4
7171,3015,,1
7172,1091,,2
7173,3215,,3
7174,3226,,3
7175,1725,,1
7176,703,,1
7177,2664,,5
7178,387,,1
7179,1237,,1
7180,1823,,1
7181,2959,,2
7182,3345,,2
7183,2802,,5
7184,1661,,1
7185,291,,1
7186,2740,,1
7187,2935,,4
7188,1619,,5
7189,1898,,1
7190,2912,,3
7191,453,,2
7192,2784,,4
5885,3243,,3
1817,997,,2
5814,2257,,5
5715,2522,,4
3459,1505,,1
6861,3292,,2
3599,3395,,4
2828,556,,2
1495,1213,,4
5100,3425,,2
